## SLURM PROLOG ###############################################################
##    Job ID : 2226473
##  Job Name : cv_dance_train
##  Nodelist : gpu2104
##      CPUs : 1
##  Mem/Node : 32768 MB
## Directory : /oscar/scratch/mwang264/projects/CV_Tool_for_Dance_Choreography_Practice
##   Job Started : Mon May  4 02:16:22 AM EDT 2026
###############################################################################
==============================================================
job:        cv_dance_train (2226473)
node:       gpu2104.oscar.ccv.brown.edu
cwd:        /oscar/scratch/mwang264/projects/CV_Tool_for_Dance_Choreography_Practice
cfg:        configs/train/train_hrnet.yaml
cpus/task:  8
gpus:       1 (gres=?)
==============================================================
Mon May  4 02:16:24 2026       
+-----------------------------------------------------------------------------------------+
| NVIDIA-SMI 575.57.08              Driver Version: 575.57.08      CUDA Version: 12.9     |
|-----------------------------------------+------------------------+----------------------+
| GPU  Name                 Persistence-M | Bus-Id          Disp.A | Volatile Uncorr. ECC |
| Fan  Temp   Perf          Pwr:Usage/Cap |           Memory-Usage | GPU-Util  Compute M. |
|                                         |                        |               MIG M. |
|=========================================+========================+======================|
|   0  NVIDIA GeForce RTX 3090        On  |   00000000:41:00.0 Off |                  N/A |
| 35%   36C    P8             25W /  350W |      17MiB /  24576MiB |      0%      Default |
|                                         |                        |                  N/A |
+-----------------------------------------+------------------------+----------------------+
                                                                                         
+-----------------------------------------------------------------------------------------+
| Processes:                                                                              |
|  GPU   GI   CI              PID   Type   Process name                        GPU Memory |
|        ID   ID                                                               Usage      |
|=========================================================================================|
|    0   N/A  N/A          157466      G   /usr/libexec/Xorg                         5MiB |
+-----------------------------------------------------------------------------------------+
python: 3.11.15
torch:  2.5.1+cu121
cuda:   True NVIDIA GeForce RTX 3090
==============================================================
[hrnet-pretrained] loaded=1752 dropped_classifier=2 unmapped_official=0 missing_total=67 missing_backbone=0 missing_unused_stage4_fuse=65 unexpected=0
epoch 1 step 0 loss 0.08185
epoch 1 step 50 loss 0.05356
epoch 1 step 100 loss 0.03083
epoch 1 step 150 loss 0.01472
epoch 1 step 200 loss 0.00809
epoch 1 step 250 loss 0.00529
epoch 1 step 300 loss 0.00441
epoch 1 step 350 loss 0.00438
epoch 1 step 400 loss 0.00404
epoch 1 step 450 loss 0.00392
epoch 1 step 500 loss 0.00396
epoch 1 step 550 loss 0.00391
epoch 1 step 600 loss 0.00392
epoch 1 step 650 loss 0.00385
epoch 1 step 700 loss 0.00407
epoch 1 step 750 loss 0.00384
epoch 1 step 800 loss 0.00391
epoch 1 step 850 loss 0.00393
epoch 1 step 900 loss 0.00372
epoch 1 step 950 loss 0.00376
epoch 1 step 1000 loss 0.00376
epoch 1 step 1050 loss 0.00381
epoch 1 step 1100 loss 0.00398
epoch 1 step 1150 loss 0.00392
epoch 1 step 1200 loss 0.00384
epoch 1 step 1250 loss 0.00376
epoch 1 step 1300 loss 0.00385
epoch 1 step 1350 loss 0.00382
epoch 1 step 1400 loss 0.00391
epoch 1 step 1450 loss 0.00393
epoch 1 step 1500 loss 0.00371
epoch 1 step 1550 loss 0.00368
epoch 1 step 1600 loss 0.00381
epoch 1 step 1650 loss 0.00383
epoch 1 step 1700 loss 0.00370
epoch 1 step 1750 loss 0.00384
epoch 1 step 1800 loss 0.00379
epoch 1 step 1850 loss 0.00385
epoch 1 step 1900 loss 0.00387
epoch 1 step 1950 loss 0.00394
epoch 1 step 2000 loss 0.00375
epoch 1 step 2050 loss 0.00391
epoch 1 step 2100 loss 0.00374
epoch 1 step 2150 loss 0.00396
epoch 1 step 2200 loss 0.00388
epoch 1 step 2250 loss 0.00395
epoch 1 step 2300 loss 0.00375
epoch 1 step 2350 loss 0.00381
epoch 1 step 2400 loss 0.00388
epoch 1 step 2450 loss 0.00376
epoch 1 step 2500 loss 0.00379
epoch 1 step 2550 loss 0.00391
epoch 1 step 2600 loss 0.00391
epoch 1 step 2650 loss 0.00384
epoch 1 step 2700 loss 0.00382
epoch 1 step 2750 loss 0.00364
epoch 1 step 2800 loss 0.00369
epoch 1 step 2850 loss 0.00383
epoch 1 step 2900 loss 0.00374
epoch 1 step 2950 loss 0.00371
epoch 1 step 3000 loss 0.00368
epoch 1 step 3050 loss 0.00392
epoch 1 step 3100 loss 0.00371
epoch 1 step 3150 loss 0.00369
epoch 1 step 3200 loss 0.00379
epoch 1 step 3250 loss 0.00380
epoch 1 step 3300 loss 0.00388
epoch 1 step 3350 loss 0.00377
epoch 1 step 3400 loss 0.00386
epoch 1 step 3450 loss 0.00376
epoch 1 step 3500 loss 0.00382
epoch 1 step 3550 loss 0.00375
epoch 1 step 3600 loss 0.00381
epoch 1 step 3650 loss 0.00385
epoch 1 step 3700 loss 0.00396
epoch 1 step 3750 loss 0.00397
epoch 1 step 3800 loss 0.00383
epoch 1 step 3850 loss 0.00377
epoch 1 step 3900 loss 0.00379
epoch 1 step 3950 loss 0.00383
epoch 1 step 4000 loss 0.00387
epoch 1 step 4050 loss 0.00384
epoch 1 step 4100 loss 0.00366
epoch 1 step 4150 loss 0.00377
epoch 1 step 4200 loss 0.00385
epoch 1 step 4250 loss 0.00386
epoch 1 step 4300 loss 0.00396
epoch 1 step 4350 loss 0.00375
epoch 1 step 4400 loss 0.00378
epoch 1 step 4450 loss 0.00380
epoch 1 step 4500 loss 0.00376
epoch 1 step 4550 loss 0.00380
epoch 1 step 4600 loss 0.00371
epoch 1 step 4650 loss 0.00370
epoch 1 step 4700 loss 0.00371
epoch 1 step 4750 loss 0.00350
epoch 1 step 4800 loss 0.00381
epoch 1 step 4850 loss 0.00380
epoch 1 step 4900 loss 0.00362
epoch 1 step 4950 loss 0.00374
epoch 1 step 5000 loss 0.00370
epoch 1 step 5050 loss 0.00369
epoch 1 step 5100 loss 0.00364
epoch 1 step 5150 loss 0.00361
epoch 1 step 5200 loss 0.00358
epoch 1 step 5250 loss 0.00361
epoch 1 step 5300 loss 0.00366
epoch 1 step 5350 loss 0.00359
epoch 1 step 5400 loss 0.00371
epoch 1 step 5450 loss 0.00355
epoch 1 step 5500 loss 0.00362
epoch 1 step 5550 loss 0.00339
epoch 1 step 5600 loss 0.00342
epoch 1 step 5650 loss 0.00347
epoch 1 step 5700 loss 0.00352
epoch 1 step 5750 loss 0.00339
epoch 1 step 5800 loss 0.00347
epoch 1 step 5850 loss 0.00347
epoch 1 step 5900 loss 0.00349
epoch 1 step 5950 loss 0.00323
epoch 1 step 6000 loss 0.00313
epoch 1 step 6050 loss 0.00300
epoch 1 step 6100 loss 0.00292
epoch 1 step 6150 loss 0.00280
epoch 1 step 6200 loss 0.00265
epoch 1 step 6250 loss 0.00270
epoch 1 step 6300 loss 0.00263
epoch 1 step 6350 loss 0.00257
epoch 1 step 6400 loss 0.00260
epoch 1 step 6450 loss 0.00252
epoch 1 step 6500 loss 0.00258
epoch 1 step 6550 loss 0.00240
epoch 1 step 6600 loss 0.00237
epoch 1 step 6650 loss 0.00226
epoch 1 step 6700 loss 0.00232
epoch 1 step 6750 loss 0.00230
epoch 1 step 6800 loss 0.00227
epoch 1 step 6850 loss 0.00228
epoch 1 step 6900 loss 0.00225
epoch 1 step 6950 loss 0.00225
epoch 1 step 7000 loss 0.00227
epoch 1 step 7050 loss 0.00219
epoch 1 step 7100 loss 0.00212
epoch 1 step 7150 loss 0.00211
epoch 1 step 7200 loss 0.00209
epoch 1 step 7250 loss 0.00213
epoch 1 step 7300 loss 0.00205
epoch 1 step 7350 loss 0.00209
epoch 1 step 7400 loss 0.00202
epoch 1 step 7450 loss 0.00203
epoch 1 step 7500 loss 0.00201
epoch 1 step 7550 loss 0.00200
epoch 1 step 7600 loss 0.00192
epoch 1 step 7650 loss 0.00208
epoch 1 step 7700 loss 0.00197
epoch 1 step 7750 loss 0.00191
epoch 1 step 7800 loss 0.00194
epoch 1 step 7850 loss 0.00186
epoch 1 step 7900 loss 0.00190
epoch 1 step 7950 loss 0.00169
{'epoch': 1, 'train_loss': 0.0041576697002197235}
epoch 2 step 0 loss 0.00170
epoch 2 step 50 loss 0.00170
epoch 2 step 100 loss 0.00170
epoch 2 step 150 loss 0.00174
epoch 2 step 200 loss 0.00162
epoch 2 step 250 loss 0.00153
epoch 2 step 300 loss 0.00150
epoch 2 step 350 loss 0.00132
epoch 2 step 400 loss 0.00127
epoch 2 step 450 loss 0.00129
epoch 2 step 500 loss 0.00123
epoch 2 step 550 loss 0.00120
epoch 2 step 600 loss 0.00105
epoch 2 step 650 loss 0.00116
epoch 2 step 700 loss 0.00116
epoch 2 step 750 loss 0.00107
epoch 2 step 800 loss 0.00108
epoch 2 step 850 loss 0.00106
epoch 2 step 900 loss 0.00110
epoch 2 step 950 loss 0.00107
epoch 2 step 1000 loss 0.00093
epoch 2 step 1050 loss 0.00099
epoch 2 step 1100 loss 0.00098
epoch 2 step 1150 loss 0.00097
epoch 2 step 1200 loss 0.00097
epoch 2 step 1250 loss 0.00086
epoch 2 step 1300 loss 0.00088
epoch 2 step 1350 loss 0.00088
epoch 2 step 1400 loss 0.00105
epoch 2 step 1450 loss 0.00082
epoch 2 step 1500 loss 0.00084
epoch 2 step 1550 loss 0.00102
epoch 2 step 1600 loss 0.00077
epoch 2 step 1650 loss 0.00079
epoch 2 step 1700 loss 0.00087
epoch 2 step 1750 loss 0.00082
epoch 2 step 1800 loss 0.00083
epoch 2 step 1850 loss 0.00074
epoch 2 step 1900 loss 0.00075
epoch 2 step 1950 loss 0.00077
epoch 2 step 2000 loss 0.00098
epoch 2 step 2050 loss 0.00080
epoch 2 step 2100 loss 0.00082
epoch 2 step 2150 loss 0.00078
epoch 2 step 2200 loss 0.00080
epoch 2 step 2250 loss 0.00080
epoch 2 step 2300 loss 0.00078
epoch 2 step 2350 loss 0.00086
epoch 2 step 2400 loss 0.00084
epoch 2 step 2450 loss 0.00082
epoch 2 step 2500 loss 0.00069
epoch 2 step 2550 loss 0.00097
epoch 2 step 2600 loss 0.00087
epoch 2 step 2650 loss 0.00078
epoch 2 step 2700 loss 0.00076
epoch 2 step 2750 loss 0.00098
epoch 2 step 2800 loss 0.00087
epoch 2 step 2850 loss 0.00081
epoch 2 step 2900 loss 0.00088
epoch 2 step 2950 loss 0.00089
epoch 2 step 3000 loss 0.00079
epoch 2 step 3050 loss 0.00078
epoch 2 step 3100 loss 0.00082
epoch 2 step 3150 loss 0.00075
epoch 2 step 3200 loss 0.00075
epoch 2 step 3250 loss 0.00079
epoch 2 step 3300 loss 0.00082
epoch 2 step 3350 loss 0.00079
epoch 2 step 3400 loss 0.00074
epoch 2 step 3450 loss 0.00073
epoch 2 step 3500 loss 0.00072
epoch 2 step 3550 loss 0.00078
epoch 2 step 3600 loss 0.00068
epoch 2 step 3650 loss 0.00074
epoch 2 step 3700 loss 0.00085
epoch 2 step 3750 loss 0.00081
epoch 2 step 3800 loss 0.00071
epoch 2 step 3850 loss 0.00075
epoch 2 step 3900 loss 0.00078
epoch 2 step 3950 loss 0.00071
epoch 2 step 4000 loss 0.00077
epoch 2 step 4050 loss 0.00074
epoch 2 step 4100 loss 0.00069
epoch 2 step 4150 loss 0.00078
epoch 2 step 4200 loss 0.00071
epoch 2 step 4250 loss 0.00078
epoch 2 step 4300 loss 0.00094
epoch 2 step 4350 loss 0.00074
epoch 2 step 4400 loss 0.00080
epoch 2 step 4450 loss 0.00070
epoch 2 step 4500 loss 0.00079
epoch 2 step 4550 loss 0.00099
epoch 2 step 4600 loss 0.00075
epoch 2 step 4650 loss 0.00081
epoch 2 step 4700 loss 0.00075
epoch 2 step 4750 loss 0.00082
epoch 2 step 4800 loss 0.00115
epoch 2 step 4850 loss 0.00084
epoch 2 step 4900 loss 0.00085
epoch 2 step 4950 loss 0.00116
epoch 2 step 5000 loss 0.00070
epoch 2 step 5050 loss 0.00068
epoch 2 step 5100 loss 0.00083
epoch 2 step 5150 loss 0.00066
epoch 2 step 5200 loss 0.00075
epoch 2 step 5250 loss 0.00077
epoch 2 step 5300 loss 0.00078
epoch 2 step 5350 loss 0.00074
epoch 2 step 5400 loss 0.00074
epoch 2 step 5450 loss 0.00081
epoch 2 step 5500 loss 0.00071
epoch 2 step 5550 loss 0.00077
epoch 2 step 5600 loss 0.00069
epoch 2 step 5650 loss 0.00067
epoch 2 step 5700 loss 0.00067
epoch 2 step 5750 loss 0.00073
epoch 2 step 5800 loss 0.00069
epoch 2 step 5850 loss 0.00074
epoch 2 step 5900 loss 0.00072
epoch 2 step 5950 loss 0.00067
epoch 2 step 6000 loss 0.00066
epoch 2 step 6050 loss 0.00072
epoch 2 step 6100 loss 0.00074
epoch 2 step 6150 loss 0.00073
epoch 2 step 6200 loss 0.00086
epoch 2 step 6250 loss 0.00076
epoch 2 step 6300 loss 0.00067
epoch 2 step 6350 loss 0.00071
epoch 2 step 6400 loss 0.00080
epoch 2 step 6450 loss 0.00083
epoch 2 step 6500 loss 0.00087
epoch 2 step 6550 loss 0.00068
epoch 2 step 6600 loss 0.00070
epoch 2 step 6650 loss 0.00086
epoch 2 step 6700 loss 0.00074
epoch 2 step 6750 loss 0.00074
epoch 2 step 6800 loss 0.00075
epoch 2 step 6850 loss 0.00076
epoch 2 step 6900 loss 0.00067
epoch 2 step 6950 loss 0.00086
epoch 2 step 7000 loss 0.00075
epoch 2 step 7050 loss 0.00066
epoch 2 step 7100 loss 0.00076
epoch 2 step 7150 loss 0.00068
epoch 2 step 7200 loss 0.00072
epoch 2 step 7250 loss 0.00063
epoch 2 step 7300 loss 0.00076
epoch 2 step 7350 loss 0.00081
epoch 2 step 7400 loss 0.00077
epoch 2 step 7450 loss 0.00072
epoch 2 step 7500 loss 0.00067
epoch 2 step 7550 loss 0.00065
epoch 2 step 7600 loss 0.00069
epoch 2 step 7650 loss 0.00070
epoch 2 step 7700 loss 0.00062
epoch 2 step 7750 loss 0.00072
epoch 2 step 7800 loss 0.00081
epoch 2 step 7850 loss 0.00070
epoch 2 step 7900 loss 0.00071
epoch 2 step 7950 loss 0.00070
{'epoch': 2, 'train_loss': 0.0008410914957316255}
{'epoch': 2, 'val_loss': 0.0006814041117121994, 'val_pck01': 0.883531870137886}
saved best -> data/processed/train_hrnet_w32/best.pt (val_pck01=0.8835)
epoch 3 step 0 loss 0.00080
epoch 3 step 50 loss 0.00070
epoch 3 step 100 loss 0.00071
epoch 3 step 150 loss 0.00082
epoch 3 step 200 loss 0.00081
epoch 3 step 250 loss 0.00079
epoch 3 step 300 loss 0.00073
epoch 3 step 350 loss 0.00076
epoch 3 step 400 loss 0.00065
epoch 3 step 450 loss 0.00073
epoch 3 step 500 loss 0.00080
epoch 3 step 550 loss 0.00071
epoch 3 step 600 loss 0.00071
epoch 3 step 650 loss 0.00074
epoch 3 step 700 loss 0.00069
epoch 3 step 750 loss 0.00097
epoch 3 step 800 loss 0.00074
epoch 3 step 850 loss 0.00086
epoch 3 step 900 loss 0.00092
epoch 3 step 950 loss 0.00067
epoch 3 step 1000 loss 0.00075
epoch 3 step 1050 loss 0.00072
epoch 3 step 1100 loss 0.00064
epoch 3 step 1150 loss 0.00079
epoch 3 step 1200 loss 0.00081
epoch 3 step 1250 loss 0.00069
epoch 3 step 1300 loss 0.00065
epoch 3 step 1350 loss 0.00065
epoch 3 step 1400 loss 0.00076
epoch 3 step 1450 loss 0.00084
epoch 3 step 1500 loss 0.00063
epoch 3 step 1550 loss 0.00067
epoch 3 step 1600 loss 0.00087
epoch 3 step 1650 loss 0.00071
epoch 3 step 1700 loss 0.00067
epoch 3 step 1750 loss 0.00064
epoch 3 step 1800 loss 0.00065
epoch 3 step 1850 loss 0.00062
epoch 3 step 1900 loss 0.00088
epoch 3 step 1950 loss 0.00074
epoch 3 step 2000 loss 0.00069
epoch 3 step 2050 loss 0.00060
epoch 3 step 2100 loss 0.00073
epoch 3 step 2150 loss 0.00082
epoch 3 step 2200 loss 0.00070
epoch 3 step 2250 loss 0.00074
epoch 3 step 2300 loss 0.00070
epoch 3 step 2350 loss 0.00071
epoch 3 step 2400 loss 0.00067
epoch 3 step 2450 loss 0.00067
epoch 3 step 2500 loss 0.00075
epoch 3 step 2550 loss 0.00066
epoch 3 step 2600 loss 0.00065
epoch 3 step 2650 loss 0.00076
epoch 3 step 2700 loss 0.00065
epoch 3 step 2750 loss 0.00073
epoch 3 step 2800 loss 0.00064
epoch 3 step 2850 loss 0.00073
epoch 3 step 2900 loss 0.00083
epoch 3 step 2950 loss 0.00068
epoch 3 step 3000 loss 0.00067
epoch 3 step 3050 loss 0.00071
epoch 3 step 3100 loss 0.00071
epoch 3 step 3150 loss 0.00078
epoch 3 step 3200 loss 0.00064
epoch 3 step 3250 loss 0.00065
epoch 3 step 3300 loss 0.00066
epoch 3 step 3350 loss 0.00071
epoch 3 step 3400 loss 0.00074
epoch 3 step 3450 loss 0.00069
epoch 3 step 3500 loss 0.00067
epoch 3 step 3550 loss 0.00067
epoch 3 step 3600 loss 0.00069
epoch 3 step 3650 loss 0.00066
epoch 3 step 3700 loss 0.00087
epoch 3 step 3750 loss 0.00064
epoch 3 step 3800 loss 0.00068
epoch 3 step 3850 loss 0.00070
epoch 3 step 3900 loss 0.00073
epoch 3 step 3950 loss 0.00071
epoch 3 step 4000 loss 0.00069
epoch 3 step 4050 loss 0.00077
epoch 3 step 4100 loss 0.00063
epoch 3 step 4150 loss 0.00070
epoch 3 step 4200 loss 0.00068
epoch 3 step 4250 loss 0.00067
epoch 3 step 4300 loss 0.00067
epoch 3 step 4350 loss 0.00070
epoch 3 step 4400 loss 0.00081
epoch 3 step 4450 loss 0.00081
epoch 3 step 4500 loss 0.00074
epoch 3 step 4550 loss 0.00070
epoch 3 step 4600 loss 0.00071
epoch 3 step 4650 loss 0.00072
epoch 3 step 4700 loss 0.00069
epoch 3 step 4750 loss 0.00070
epoch 3 step 4800 loss 0.00066
epoch 3 step 4850 loss 0.00071
epoch 3 step 4900 loss 0.00071
epoch 3 step 4950 loss 0.00092
epoch 3 step 5000 loss 0.00074
epoch 3 step 5050 loss 0.00066
epoch 3 step 5100 loss 0.00069
epoch 3 step 5150 loss 0.00075
epoch 3 step 5200 loss 0.00072
epoch 3 step 5250 loss 0.00063
epoch 3 step 5300 loss 0.00061
epoch 3 step 5350 loss 0.00070
epoch 3 step 5400 loss 0.00075
epoch 3 step 5450 loss 0.00069
epoch 3 step 5500 loss 0.00063
epoch 3 step 5550 loss 0.00074
epoch 3 step 5600 loss 0.00065
epoch 3 step 5650 loss 0.00069
epoch 3 step 5700 loss 0.00078
epoch 3 step 5750 loss 0.00071
epoch 3 step 5800 loss 0.00067
epoch 3 step 5850 loss 0.00060
epoch 3 step 5900 loss 0.00070
epoch 3 step 5950 loss 0.00068
epoch 3 step 6000 loss 0.00073
epoch 3 step 6050 loss 0.00068
epoch 3 step 6100 loss 0.00074
epoch 3 step 6150 loss 0.00102
epoch 3 step 6200 loss 0.00068
epoch 3 step 6250 loss 0.00063
epoch 3 step 6300 loss 0.00066
epoch 3 step 6350 loss 0.00082
epoch 3 step 6400 loss 0.00087
epoch 3 step 6450 loss 0.00068
epoch 3 step 6500 loss 0.00065
epoch 3 step 6550 loss 0.00065
epoch 3 step 6600 loss 0.00074
epoch 3 step 6650 loss 0.00079
epoch 3 step 6700 loss 0.00066
epoch 3 step 6750 loss 0.00067
epoch 3 step 6800 loss 0.00065
epoch 3 step 6850 loss 0.00075
epoch 3 step 6900 loss 0.00074
epoch 3 step 6950 loss 0.00064
epoch 3 step 7000 loss 0.00061
epoch 3 step 7050 loss 0.00068
epoch 3 step 7100 loss 0.00066
epoch 3 step 7150 loss 0.00070
epoch 3 step 7200 loss 0.00064
epoch 3 step 7250 loss 0.00072
epoch 3 step 7300 loss 0.00066
epoch 3 step 7350 loss 0.00073
epoch 3 step 7400 loss 0.00073
epoch 3 step 7450 loss 0.00065
epoch 3 step 7500 loss 0.00075
epoch 3 step 7550 loss 0.00071
epoch 3 step 7600 loss 0.00073
epoch 3 step 7650 loss 0.00087
epoch 3 step 7700 loss 0.00073
epoch 3 step 7750 loss 0.00078
epoch 3 step 7800 loss 0.00070
epoch 3 step 7850 loss 0.00072
epoch 3 step 7900 loss 0.00073
epoch 3 step 7950 loss 0.00066
{'epoch': 3, 'train_loss': 0.0007158834014203057}
epoch 4 step 0 loss 0.00084
epoch 4 step 50 loss 0.00080
epoch 4 step 100 loss 0.00073
epoch 4 step 150 loss 0.00071
epoch 4 step 200 loss 0.00059
epoch 4 step 250 loss 0.00065
epoch 4 step 300 loss 0.00065
epoch 4 step 350 loss 0.00079
epoch 4 step 400 loss 0.00066
epoch 4 step 450 loss 0.00074
epoch 4 step 500 loss 0.00091
epoch 4 step 550 loss 0.00065
epoch 4 step 600 loss 0.00072
epoch 4 step 650 loss 0.00082
epoch 4 step 700 loss 0.00067
epoch 4 step 750 loss 0.00065
epoch 4 step 800 loss 0.00070
epoch 4 step 850 loss 0.00064
epoch 4 step 900 loss 0.00075
epoch 4 step 950 loss 0.00074
epoch 4 step 1000 loss 0.00069
epoch 4 step 1050 loss 0.00081
epoch 4 step 1100 loss 0.00071
epoch 4 step 1150 loss 0.00066
epoch 4 step 1200 loss 0.00081
epoch 4 step 1250 loss 0.00065
epoch 4 step 1300 loss 0.00066
epoch 4 step 1350 loss 0.00080
epoch 4 step 1400 loss 0.00069
epoch 4 step 1450 loss 0.00071
epoch 4 step 1500 loss 0.00069
epoch 4 step 1550 loss 0.00068
epoch 4 step 1600 loss 0.00080
epoch 4 step 1650 loss 0.00098
epoch 4 step 1700 loss 0.00072
epoch 4 step 1750 loss 0.00080
epoch 4 step 1800 loss 0.00072
epoch 4 step 1850 loss 0.00073
epoch 4 step 1900 loss 0.00063
epoch 4 step 1950 loss 0.00077
epoch 4 step 2000 loss 0.00067
epoch 4 step 2050 loss 0.00073
epoch 4 step 2100 loss 0.00064
epoch 4 step 2150 loss 0.00077
epoch 4 step 2200 loss 0.00069
epoch 4 step 2250 loss 0.00077
epoch 4 step 2300 loss 0.00073
epoch 4 step 2350 loss 0.00067
epoch 4 step 2400 loss 0.00058
epoch 4 step 2450 loss 0.00065
epoch 4 step 2500 loss 0.00071
epoch 4 step 2550 loss 0.00075
epoch 4 step 2600 loss 0.00071
epoch 4 step 2650 loss 0.00071
epoch 4 step 2700 loss 0.00069
epoch 4 step 2750 loss 0.00063
epoch 4 step 2800 loss 0.00075
epoch 4 step 2850 loss 0.00077
epoch 4 step 2900 loss 0.00065
epoch 4 step 2950 loss 0.00067
epoch 4 step 3000 loss 0.00076
epoch 4 step 3050 loss 0.00083
epoch 4 step 3100 loss 0.00071
epoch 4 step 3150 loss 0.00062
epoch 4 step 3200 loss 0.00073
epoch 4 step 3250 loss 0.00065
epoch 4 step 3300 loss 0.00062
epoch 4 step 3350 loss 0.00072
epoch 4 step 3400 loss 0.00072
epoch 4 step 3450 loss 0.00062
epoch 4 step 3500 loss 0.00070
epoch 4 step 3550 loss 0.00067
epoch 4 step 3600 loss 0.00073
epoch 4 step 3650 loss 0.00067
epoch 4 step 3700 loss 0.00060
epoch 4 step 3750 loss 0.00069
epoch 4 step 3800 loss 0.00063
epoch 4 step 3850 loss 0.00074
epoch 4 step 3900 loss 0.00064
epoch 4 step 3950 loss 0.00076
epoch 4 step 4000 loss 0.00074
epoch 4 step 4050 loss 0.00070
epoch 4 step 4100 loss 0.00089
epoch 4 step 4150 loss 0.00069
epoch 4 step 4200 loss 0.00075
epoch 4 step 4250 loss 0.00065
epoch 4 step 4300 loss 0.00066
epoch 4 step 4350 loss 0.00070
epoch 4 step 4400 loss 0.00069
epoch 4 step 4450 loss 0.00078
epoch 4 step 4500 loss 0.00066
epoch 4 step 4550 loss 0.00085
epoch 4 step 4600 loss 0.00065
epoch 4 step 4650 loss 0.00064
epoch 4 step 4700 loss 0.00059
epoch 4 step 4750 loss 0.00068
epoch 4 step 4800 loss 0.00068
epoch 4 step 4850 loss 0.00069
epoch 4 step 4900 loss 0.00065
epoch 4 step 4950 loss 0.00063
epoch 4 step 5000 loss 0.00068
epoch 4 step 5050 loss 0.00068
epoch 4 step 5100 loss 0.00072
epoch 4 step 5150 loss 0.00084
epoch 4 step 5200 loss 0.00078
epoch 4 step 5250 loss 0.00065
epoch 4 step 5300 loss 0.00077
epoch 4 step 5350 loss 0.00068
epoch 4 step 5400 loss 0.00072
epoch 4 step 5450 loss 0.00066
epoch 4 step 5500 loss 0.00066
epoch 4 step 5550 loss 0.00074
epoch 4 step 5600 loss 0.00069
epoch 4 step 5650 loss 0.00066
epoch 4 step 5700 loss 0.00073
epoch 4 step 5750 loss 0.00075
epoch 4 step 5800 loss 0.00070
epoch 4 step 5850 loss 0.00074
epoch 4 step 5900 loss 0.00081
epoch 4 step 5950 loss 0.00074
epoch 4 step 6000 loss 0.00066
epoch 4 step 6050 loss 0.00083
epoch 4 step 6100 loss 0.00063
epoch 4 step 6150 loss 0.00073
epoch 4 step 6200 loss 0.00069
epoch 4 step 6250 loss 0.00070
epoch 4 step 6300 loss 0.00070
epoch 4 step 6350 loss 0.00066
epoch 4 step 6400 loss 0.00072
epoch 4 step 6450 loss 0.00065
epoch 4 step 6500 loss 0.00065
epoch 4 step 6550 loss 0.00064
epoch 4 step 6600 loss 0.00073
epoch 4 step 6650 loss 0.00069
epoch 4 step 6700 loss 0.00066
epoch 4 step 6750 loss 0.00061
epoch 4 step 6800 loss 0.00060
epoch 4 step 6850 loss 0.00067
epoch 4 step 6900 loss 0.00081
epoch 4 step 6950 loss 0.00066
epoch 4 step 7000 loss 0.00060
epoch 4 step 7050 loss 0.00072
epoch 4 step 7100 loss 0.00066
epoch 4 step 7150 loss 0.00067
epoch 4 step 7200 loss 0.00073
epoch 4 step 7250 loss 0.00073
epoch 4 step 7300 loss 0.00067
epoch 4 step 7350 loss 0.00064
epoch 4 step 7400 loss 0.00077
epoch 4 step 7450 loss 0.00074
epoch 4 step 7500 loss 0.00062
epoch 4 step 7550 loss 0.00080
epoch 4 step 7600 loss 0.00065
epoch 4 step 7650 loss 0.00069
epoch 4 step 7700 loss 0.00073
epoch 4 step 7750 loss 0.00064
epoch 4 step 7800 loss 0.00073
epoch 4 step 7850 loss 0.00067
epoch 4 step 7900 loss 0.00062
epoch 4 step 7950 loss 0.00071
{'epoch': 4, 'train_loss': 0.0007021628772305662}
{'epoch': 4, 'val_loss': 0.000659326560502972, 'val_pck01': 0.886952390129103}
saved best -> data/processed/train_hrnet_w32/best.pt (val_pck01=0.8870)
epoch 5 step 0 loss 0.00074
epoch 5 step 50 loss 0.00067
epoch 5 step 100 loss 0.00067
epoch 5 step 150 loss 0.00070
epoch 5 step 200 loss 0.00083
epoch 5 step 250 loss 0.00069
epoch 5 step 300 loss 0.00104
epoch 5 step 350 loss 0.00076
epoch 5 step 400 loss 0.00074
epoch 5 step 450 loss 0.00068
epoch 5 step 500 loss 0.00064
epoch 5 step 550 loss 0.00064
epoch 5 step 600 loss 0.00060
epoch 5 step 650 loss 0.00060
epoch 5 step 700 loss 0.00084
epoch 5 step 750 loss 0.00076
epoch 5 step 800 loss 0.00068
epoch 5 step 850 loss 0.00071
epoch 5 step 900 loss 0.00073
epoch 5 step 950 loss 0.00072
epoch 5 step 1000 loss 0.00063
epoch 5 step 1050 loss 0.00068
epoch 5 step 1100 loss 0.00072
epoch 5 step 1150 loss 0.00065
epoch 5 step 1200 loss 0.00067
epoch 5 step 1250 loss 0.00059
epoch 5 step 1300 loss 0.00074
epoch 5 step 1350 loss 0.00062
epoch 5 step 1400 loss 0.00064
epoch 5 step 1450 loss 0.00073
epoch 5 step 1500 loss 0.00064
epoch 5 step 1550 loss 0.00069
epoch 5 step 1600 loss 0.00095
epoch 5 step 1650 loss 0.00079
epoch 5 step 1700 loss 0.00077
epoch 5 step 1750 loss 0.00066
epoch 5 step 1800 loss 0.00065
epoch 5 step 1850 loss 0.00071
epoch 5 step 1900 loss 0.00071
epoch 5 step 1950 loss 0.00065
epoch 5 step 2000 loss 0.00066
epoch 5 step 2050 loss 0.00066
epoch 5 step 2100 loss 0.00068
epoch 5 step 2150 loss 0.00067
epoch 5 step 2200 loss 0.00069
epoch 5 step 2250 loss 0.00063
epoch 5 step 2300 loss 0.00066
epoch 5 step 2350 loss 0.00072
epoch 5 step 2400 loss 0.00072
epoch 5 step 2450 loss 0.00083
epoch 5 step 2500 loss 0.00064
epoch 5 step 2550 loss 0.00089
epoch 5 step 2600 loss 0.00075
epoch 5 step 2650 loss 0.00067
epoch 5 step 2700 loss 0.00068
epoch 5 step 2750 loss 0.00070
epoch 5 step 2800 loss 0.00066
epoch 5 step 2850 loss 0.00066
epoch 5 step 2900 loss 0.00074
epoch 5 step 2950 loss 0.00064
epoch 5 step 3000 loss 0.00061
epoch 5 step 3050 loss 0.00068
epoch 5 step 3100 loss 0.00067
epoch 5 step 3150 loss 0.00071
epoch 5 step 3200 loss 0.00070
epoch 5 step 3250 loss 0.00072
epoch 5 step 3300 loss 0.00063
epoch 5 step 3350 loss 0.00077
epoch 5 step 3400 loss 0.00074
epoch 5 step 3450 loss 0.00058
epoch 5 step 3500 loss 0.00077
epoch 5 step 3550 loss 0.00063
epoch 5 step 3600 loss 0.00064
epoch 5 step 3650 loss 0.00070
epoch 5 step 3700 loss 0.00067
epoch 5 step 3750 loss 0.00075
epoch 5 step 3800 loss 0.00065
epoch 5 step 3850 loss 0.00067
epoch 5 step 3900 loss 0.00072
epoch 5 step 3950 loss 0.00074
epoch 5 step 4000 loss 0.00075
epoch 5 step 4050 loss 0.00079
epoch 5 step 4100 loss 0.00074
epoch 5 step 4150 loss 0.00061
epoch 5 step 4200 loss 0.00077
epoch 5 step 4250 loss 0.00074
epoch 5 step 4300 loss 0.00067
epoch 5 step 4350 loss 0.00064
epoch 5 step 4400 loss 0.00077
epoch 5 step 4450 loss 0.00057
epoch 5 step 4500 loss 0.00075
epoch 5 step 4550 loss 0.00070
epoch 5 step 4600 loss 0.00064
epoch 5 step 4650 loss 0.00074
epoch 5 step 4700 loss 0.00064
epoch 5 step 4750 loss 0.00081
epoch 5 step 4800 loss 0.00065
epoch 5 step 4850 loss 0.00076
epoch 5 step 4900 loss 0.00080
epoch 5 step 4950 loss 0.00065
epoch 5 step 5000 loss 0.00067
epoch 5 step 5050 loss 0.00068
epoch 5 step 5100 loss 0.00059
epoch 5 step 5150 loss 0.00072
epoch 5 step 5200 loss 0.00073
epoch 5 step 5250 loss 0.00068
epoch 5 step 5300 loss 0.00065
epoch 5 step 5350 loss 0.00068
epoch 5 step 5400 loss 0.00070
epoch 5 step 5450 loss 0.00064
epoch 5 step 5500 loss 0.00073
epoch 5 step 5550 loss 0.00069
epoch 5 step 5600 loss 0.00064
epoch 5 step 5650 loss 0.00069
epoch 5 step 5700 loss 0.00069
epoch 5 step 5750 loss 0.00068
epoch 5 step 5800 loss 0.00072
epoch 5 step 5850 loss 0.00064
epoch 5 step 5900 loss 0.00061
epoch 5 step 5950 loss 0.00073
epoch 5 step 6000 loss 0.00065
epoch 5 step 6050 loss 0.00070
epoch 5 step 6100 loss 0.00064
epoch 5 step 6150 loss 0.00068
epoch 5 step 6200 loss 0.00083
epoch 5 step 6250 loss 0.00062
epoch 5 step 6300 loss 0.00063
epoch 5 step 6350 loss 0.00066
epoch 5 step 6400 loss 0.00065
epoch 5 step 6450 loss 0.00067
epoch 5 step 6500 loss 0.00080
epoch 5 step 6550 loss 0.00061
epoch 5 step 6600 loss 0.00064
epoch 5 step 6650 loss 0.00064
epoch 5 step 6700 loss 0.00055
epoch 5 step 6750 loss 0.00043
epoch 5 step 6800 loss 0.00045
epoch 5 step 6850 loss 0.00052
epoch 5 step 6900 loss 0.00055
epoch 5 step 6950 loss 0.00047
epoch 5 step 7000 loss 0.00049
epoch 5 step 7050 loss 0.00049
epoch 5 step 7100 loss 0.00047
epoch 5 step 7150 loss 0.00032
epoch 5 step 7200 loss 0.00029
epoch 5 step 7250 loss 0.00028
epoch 5 step 7300 loss 0.00034
epoch 5 step 7350 loss 0.00030
epoch 5 step 7400 loss 0.00033
epoch 5 step 7450 loss 0.00025
epoch 5 step 7500 loss 0.00031
epoch 5 step 7550 loss 0.00026
epoch 5 step 7600 loss 0.00030
epoch 5 step 7650 loss 0.00040
epoch 5 step 7700 loss 0.00027
epoch 5 step 7750 loss 0.00029
epoch 5 step 7800 loss 0.00036
epoch 5 step 7850 loss 0.00036
epoch 5 step 7900 loss 0.00035
epoch 5 step 7950 loss 0.00025
{'epoch': 5, 'train_loss': 0.0006407287612399224}
epoch 6 step 0 loss 0.00025
epoch 6 step 50 loss 0.00024
epoch 6 step 100 loss 0.00018
epoch 6 step 150 loss 0.00024
epoch 6 step 200 loss 0.00040
epoch 6 step 250 loss 0.00032
epoch 6 step 300 loss 0.00043
epoch 6 step 350 loss 0.00044
epoch 6 step 400 loss 0.00030
epoch 6 step 450 loss 0.00021
epoch 6 step 500 loss 0.00028
epoch 6 step 550 loss 0.00026
epoch 6 step 600 loss 0.00047
epoch 6 step 650 loss 0.00027
epoch 6 step 700 loss 0.00027
epoch 6 step 750 loss 0.00039
epoch 6 step 800 loss 0.00029
epoch 6 step 850 loss 0.00020
epoch 6 step 900 loss 0.00026
epoch 6 step 950 loss 0.00027
epoch 6 step 1000 loss 0.00024
epoch 6 step 1050 loss 0.00020
epoch 6 step 1100 loss 0.00041
epoch 6 step 1150 loss 0.00047
epoch 6 step 1200 loss 0.00039
epoch 6 step 1250 loss 0.00023
epoch 6 step 1300 loss 0.00025
epoch 6 step 1350 loss 0.00029
epoch 6 step 1400 loss 0.00019
epoch 6 step 1450 loss 0.00027
epoch 6 step 1500 loss 0.00037
epoch 6 step 1550 loss 0.00024
epoch 6 step 1600 loss 0.00029
epoch 6 step 1650 loss 0.00027
epoch 6 step 1700 loss 0.00019
epoch 6 step 1750 loss 0.00019
epoch 6 step 1800 loss 0.00035
epoch 6 step 1850 loss 0.00035
epoch 6 step 1900 loss 0.00029
epoch 6 step 1950 loss 0.00045
epoch 6 step 2000 loss 0.00026
epoch 6 step 2050 loss 0.00028
epoch 6 step 2100 loss 0.00023
epoch 6 step 2150 loss 0.00030
epoch 6 step 2200 loss 0.00026
epoch 6 step 2250 loss 0.00022
epoch 6 step 2300 loss 0.00027
epoch 6 step 2350 loss 0.00023
epoch 6 step 2400 loss 0.00027
epoch 6 step 2450 loss 0.00020
epoch 6 step 2500 loss 0.00019
epoch 6 step 2550 loss 0.00022
epoch 6 step 2600 loss 0.00023
epoch 6 step 2650 loss 0.00029
epoch 6 step 2700 loss 0.00026
epoch 6 step 2750 loss 0.00028
epoch 6 step 2800 loss 0.00019
epoch 6 step 2850 loss 0.00024
epoch 6 step 2900 loss 0.00054
epoch 6 step 2950 loss 0.00023
epoch 6 step 3000 loss 0.00023
epoch 6 step 3050 loss 0.00032
epoch 6 step 3100 loss 0.00039
epoch 6 step 3150 loss 0.00028
epoch 6 step 3200 loss 0.00028
epoch 6 step 3250 loss 0.00020
epoch 6 step 3300 loss 0.00021
epoch 6 step 3350 loss 0.00030
epoch 6 step 3400 loss 0.00027
epoch 6 step 3450 loss 0.00019
epoch 6 step 3500 loss 0.00025
epoch 6 step 3550 loss 0.00029
epoch 6 step 3600 loss 0.00023
epoch 6 step 3650 loss 0.00019
epoch 6 step 3700 loss 0.00027
epoch 6 step 3750 loss 0.00026
epoch 6 step 3800 loss 0.00024
epoch 6 step 3850 loss 0.00031
epoch 6 step 3900 loss 0.00032
epoch 6 step 3950 loss 0.00031
epoch 6 step 4000 loss 0.00021
epoch 6 step 4050 loss 0.00029
epoch 6 step 4100 loss 0.00035
epoch 6 step 4150 loss 0.00018
epoch 6 step 4200 loss 0.00027
epoch 6 step 4250 loss 0.00025
epoch 6 step 4300 loss 0.00022
epoch 6 step 4350 loss 0.00020
epoch 6 step 4400 loss 0.00018
epoch 6 step 4450 loss 0.00031
epoch 6 step 4500 loss 0.00038
epoch 6 step 4550 loss 0.00021
epoch 6 step 4600 loss 0.00022
epoch 6 step 4650 loss 0.00037
epoch 6 step 4700 loss 0.00037
epoch 6 step 4750 loss 0.00030
epoch 6 step 4800 loss 0.00019
epoch 6 step 4850 loss 0.00019
epoch 6 step 4900 loss 0.00021
epoch 6 step 4950 loss 0.00034
epoch 6 step 5000 loss 0.00023
epoch 6 step 5050 loss 0.00026
epoch 6 step 5100 loss 0.00033
epoch 6 step 5150 loss 0.00023
epoch 6 step 5200 loss 0.00034
epoch 6 step 5250 loss 0.00049
epoch 6 step 5300 loss 0.00030
epoch 6 step 5350 loss 0.00035
epoch 6 step 5400 loss 0.00021
epoch 6 step 5450 loss 0.00039
epoch 6 step 5500 loss 0.00035
epoch 6 step 5550 loss 0.00031
epoch 6 step 5600 loss 0.00019
epoch 6 step 5650 loss 0.00024
epoch 6 step 5700 loss 0.00034
epoch 6 step 5750 loss 0.00019
epoch 6 step 5800 loss 0.00043
epoch 6 step 5850 loss 0.00024
epoch 6 step 5900 loss 0.00021
epoch 6 step 5950 loss 0.00026
epoch 6 step 6000 loss 0.00023
epoch 6 step 6050 loss 0.00022
epoch 6 step 6100 loss 0.00032
epoch 6 step 6150 loss 0.00025
epoch 6 step 6200 loss 0.00019
epoch 6 step 6250 loss 0.00028
epoch 6 step 6300 loss 0.00036
epoch 6 step 6350 loss 0.00034
epoch 6 step 6400 loss 0.00025
epoch 6 step 6450 loss 0.00025
epoch 6 step 6500 loss 0.00019
epoch 6 step 6550 loss 0.00024
epoch 6 step 6600 loss 0.00034
epoch 6 step 6650 loss 0.00023
epoch 6 step 6700 loss 0.00030
epoch 6 step 6750 loss 0.00026
epoch 6 step 6800 loss 0.00022
epoch 6 step 6850 loss 0.00027
epoch 6 step 6900 loss 0.00040
epoch 6 step 6950 loss 0.00026
epoch 6 step 7000 loss 0.00031
epoch 6 step 7050 loss 0.00029
epoch 6 step 7100 loss 0.00023
epoch 6 step 7150 loss 0.00029
epoch 6 step 7200 loss 0.00022
epoch 6 step 7250 loss 0.00026
epoch 6 step 7300 loss 0.00028
epoch 6 step 7350 loss 0.00026
epoch 6 step 7400 loss 0.00037
epoch 6 step 7450 loss 0.00019
epoch 6 step 7500 loss 0.00017
epoch 6 step 7550 loss 0.00024
epoch 6 step 7600 loss 0.00023
epoch 6 step 7650 loss 0.00026
epoch 6 step 7700 loss 0.00036
epoch 6 step 7750 loss 0.00028
epoch 6 step 7800 loss 0.00022
epoch 6 step 7850 loss 0.00022
epoch 6 step 7900 loss 0.00022
epoch 6 step 7950 loss 0.00029
{'epoch': 6, 'train_loss': 0.0002732203250228692}
{'epoch': 6, 'val_loss': 0.00022369721919807164, 'val_pck01': 0.9979663505234919}
saved best -> data/processed/train_hrnet_w32/best.pt (val_pck01=0.9980)
epoch 7 step 0 loss 0.00027
epoch 7 step 50 loss 0.00037
epoch 7 step 100 loss 0.00019
epoch 7 step 150 loss 0.00028
epoch 7 step 200 loss 0.00020
epoch 7 step 250 loss 0.00029
epoch 7 step 300 loss 0.00026
epoch 7 step 350 loss 0.00017
epoch 7 step 400 loss 0.00026
epoch 7 step 450 loss 0.00020
epoch 7 step 500 loss 0.00020
epoch 7 step 550 loss 0.00042
epoch 7 step 600 loss 0.00018
epoch 7 step 650 loss 0.00024
epoch 7 step 700 loss 0.00023
epoch 7 step 750 loss 0.00023
epoch 7 step 800 loss 0.00024
epoch 7 step 850 loss 0.00025
epoch 7 step 900 loss 0.00029
epoch 7 step 950 loss 0.00029
epoch 7 step 1000 loss 0.00025
epoch 7 step 1050 loss 0.00024
epoch 7 step 1100 loss 0.00022
epoch 7 step 1150 loss 0.00017
epoch 7 step 1200 loss 0.00023
epoch 7 step 1250 loss 0.00021
epoch 7 step 1300 loss 0.00029
epoch 7 step 1350 loss 0.00019
epoch 7 step 1400 loss 0.00022
epoch 7 step 1450 loss 0.00023
epoch 7 step 1500 loss 0.00016
epoch 7 step 1550 loss 0.00038
epoch 7 step 1600 loss 0.00029
epoch 7 step 1650 loss 0.00019
epoch 7 step 1700 loss 0.00025
epoch 7 step 1750 loss 0.00025
epoch 7 step 1800 loss 0.00021
epoch 7 step 1850 loss 0.00017
epoch 7 step 1900 loss 0.00050
epoch 7 step 1950 loss 0.00030
epoch 7 step 2000 loss 0.00027
epoch 7 step 2050 loss 0.00028
epoch 7 step 2100 loss 0.00044
epoch 7 step 2150 loss 0.00022
epoch 7 step 2200 loss 0.00032
epoch 7 step 2250 loss 0.00021
epoch 7 step 2300 loss 0.00024
epoch 7 step 2350 loss 0.00025
epoch 7 step 2400 loss 0.00041
epoch 7 step 2450 loss 0.00019
epoch 7 step 2500 loss 0.00028
epoch 7 step 2550 loss 0.00023
epoch 7 step 2600 loss 0.00033
epoch 7 step 2650 loss 0.00027
epoch 7 step 2700 loss 0.00056
epoch 7 step 2750 loss 0.00030
epoch 7 step 2800 loss 0.00028
epoch 7 step 2850 loss 0.00018
epoch 7 step 2900 loss 0.00026
epoch 7 step 2950 loss 0.00030
epoch 7 step 3000 loss 0.00029
epoch 7 step 3050 loss 0.00024
epoch 7 step 3100 loss 0.00017
epoch 7 step 3150 loss 0.00018
epoch 7 step 3200 loss 0.00025
epoch 7 step 3250 loss 0.00024
epoch 7 step 3300 loss 0.00020
epoch 7 step 3350 loss 0.00020
epoch 7 step 3400 loss 0.00035
epoch 7 step 3450 loss 0.00018
epoch 7 step 3500 loss 0.00034
epoch 7 step 3550 loss 0.00021
epoch 7 step 3600 loss 0.00023
epoch 7 step 3650 loss 0.00022
epoch 7 step 3700 loss 0.00027
epoch 7 step 3750 loss 0.00023
epoch 7 step 3800 loss 0.00028
epoch 7 step 3850 loss 0.00030
epoch 7 step 3900 loss 0.00019
epoch 7 step 3950 loss 0.00019
epoch 7 step 4000 loss 0.00023
epoch 7 step 4050 loss 0.00016
epoch 7 step 4100 loss 0.00024
epoch 7 step 4150 loss 0.00027
epoch 7 step 4200 loss 0.00028
epoch 7 step 4250 loss 0.00023
epoch 7 step 4300 loss 0.00022
epoch 7 step 4350 loss 0.00020
epoch 7 step 4400 loss 0.00024
epoch 7 step 4450 loss 0.00018
epoch 7 step 4500 loss 0.00016
epoch 7 step 4550 loss 0.00027
epoch 7 step 4600 loss 0.00018
epoch 7 step 4650 loss 0.00028
epoch 7 step 4700 loss 0.00025
epoch 7 step 4750 loss 0.00030
epoch 7 step 4800 loss 0.00022
epoch 7 step 4850 loss 0.00030
epoch 7 step 4900 loss 0.00034
epoch 7 step 4950 loss 0.00028
epoch 7 step 5000 loss 0.00031
epoch 7 step 5050 loss 0.00020
epoch 7 step 5100 loss 0.00036
epoch 7 step 5150 loss 0.00035
epoch 7 step 5200 loss 0.00032
epoch 7 step 5250 loss 0.00028
epoch 7 step 5300 loss 0.00027
epoch 7 step 5350 loss 0.00019
epoch 7 step 5400 loss 0.00021
epoch 7 step 5450 loss 0.00031
epoch 7 step 5500 loss 0.00031
epoch 7 step 5550 loss 0.00020
epoch 7 step 5600 loss 0.00024
epoch 7 step 5650 loss 0.00017
epoch 7 step 5700 loss 0.00027
epoch 7 step 5750 loss 0.00040
epoch 7 step 5800 loss 0.00023
epoch 7 step 5850 loss 0.00028
epoch 7 step 5900 loss 0.00034
epoch 7 step 5950 loss 0.00020
epoch 7 step 6000 loss 0.00021
epoch 7 step 6050 loss 0.00020
epoch 7 step 6100 loss 0.00045
epoch 7 step 6150 loss 0.00021
epoch 7 step 6200 loss 0.00022
epoch 7 step 6250 loss 0.00025
epoch 7 step 6300 loss 0.00019
epoch 7 step 6350 loss 0.00017
epoch 7 step 6400 loss 0.00034
epoch 7 step 6450 loss 0.00031
epoch 7 step 6500 loss 0.00018
epoch 7 step 6550 loss 0.00044
epoch 7 step 6600 loss 0.00027
epoch 7 step 6650 loss 0.00028
epoch 7 step 6700 loss 0.00024
epoch 7 step 6750 loss 0.00018
epoch 7 step 6800 loss 0.00024
epoch 7 step 6850 loss 0.00030
epoch 7 step 6900 loss 0.00024
epoch 7 step 6950 loss 0.00030
epoch 7 step 7000 loss 0.00020
epoch 7 step 7050 loss 0.00022
epoch 7 step 7100 loss 0.00040
epoch 7 step 7150 loss 0.00023
epoch 7 step 7200 loss 0.00022
epoch 7 step 7250 loss 0.00026
epoch 7 step 7300 loss 0.00023
epoch 7 step 7350 loss 0.00028
epoch 7 step 7400 loss 0.00016
epoch 7 step 7450 loss 0.00018
epoch 7 step 7500 loss 0.00026
epoch 7 step 7550 loss 0.00021
epoch 7 step 7600 loss 0.00020
epoch 7 step 7650 loss 0.00021
epoch 7 step 7700 loss 0.00022
epoch 7 step 7750 loss 0.00030
epoch 7 step 7800 loss 0.00017
epoch 7 step 7850 loss 0.00042
epoch 7 step 7900 loss 0.00021
epoch 7 step 7950 loss 0.00023
{'epoch': 7, 'train_loss': 0.0002643499940194394}
epoch 8 step 0 loss 0.00017
epoch 8 step 50 loss 0.00042
epoch 8 step 100 loss 0.00029
epoch 8 step 150 loss 0.00059
epoch 8 step 200 loss 0.00015
epoch 8 step 250 loss 0.00028
epoch 8 step 300 loss 0.00018
epoch 8 step 350 loss 0.00024
epoch 8 step 400 loss 0.00033
epoch 8 step 450 loss 0.00027
epoch 8 step 500 loss 0.00024
epoch 8 step 550 loss 0.00023
epoch 8 step 600 loss 0.00045
epoch 8 step 650 loss 0.00018
epoch 8 step 700 loss 0.00022
epoch 8 step 750 loss 0.00035
epoch 8 step 800 loss 0.00025
epoch 8 step 850 loss 0.00037
epoch 8 step 900 loss 0.00034
epoch 8 step 950 loss 0.00018
epoch 8 step 1000 loss 0.00021
epoch 8 step 1050 loss 0.00026
epoch 8 step 1100 loss 0.00023
epoch 8 step 1150 loss 0.00024
epoch 8 step 1200 loss 0.00027
epoch 8 step 1250 loss 0.00028
epoch 8 step 1300 loss 0.00027
epoch 8 step 1350 loss 0.00034
epoch 8 step 1400 loss 0.00023
epoch 8 step 1450 loss 0.00023
epoch 8 step 1500 loss 0.00025
epoch 8 step 1550 loss 0.00037
epoch 8 step 1600 loss 0.00018
epoch 8 step 1650 loss 0.00031
epoch 8 step 1700 loss 0.00032
epoch 8 step 1750 loss 0.00021
epoch 8 step 1800 loss 0.00023
epoch 8 step 1850 loss 0.00025
epoch 8 step 1900 loss 0.00029
epoch 8 step 1950 loss 0.00044
epoch 8 step 2000 loss 0.00024
epoch 8 step 2050 loss 0.00022
epoch 8 step 2100 loss 0.00020
epoch 8 step 2150 loss 0.00020
epoch 8 step 2200 loss 0.00031
epoch 8 step 2250 loss 0.00038
epoch 8 step 2300 loss 0.00035
epoch 8 step 2350 loss 0.00035
epoch 8 step 2400 loss 0.00018
epoch 8 step 2450 loss 0.00035
epoch 8 step 2500 loss 0.00021
epoch 8 step 2550 loss 0.00025
epoch 8 step 2600 loss 0.00020
epoch 8 step 2650 loss 0.00026
epoch 8 step 2700 loss 0.00025
epoch 8 step 2750 loss 0.00024
epoch 8 step 2800 loss 0.00022
epoch 8 step 2850 loss 0.00017
epoch 8 step 2900 loss 0.00024
epoch 8 step 2950 loss 0.00029
epoch 8 step 3000 loss 0.00029
epoch 8 step 3050 loss 0.00027
epoch 8 step 3100 loss 0.00042
epoch 8 step 3150 loss 0.00034
epoch 8 step 3200 loss 0.00022
epoch 8 step 3250 loss 0.00041
epoch 8 step 3300 loss 0.00018
epoch 8 step 3350 loss 0.00019
epoch 8 step 3400 loss 0.00026
epoch 8 step 3450 loss 0.00020
epoch 8 step 3500 loss 0.00038
epoch 8 step 3550 loss 0.00045
epoch 8 step 3600 loss 0.00023
epoch 8 step 3650 loss 0.00024
epoch 8 step 3700 loss 0.00024
epoch 8 step 3750 loss 0.00025
epoch 8 step 3800 loss 0.00022
epoch 8 step 3850 loss 0.00047
epoch 8 step 3900 loss 0.00020
epoch 8 step 3950 loss 0.00027
epoch 8 step 4000 loss 0.00023
epoch 8 step 4050 loss 0.00030
epoch 8 step 4100 loss 0.00039
epoch 8 step 4150 loss 0.00023
epoch 8 step 4200 loss 0.00029
epoch 8 step 4250 loss 0.00026
epoch 8 step 4300 loss 0.00036
epoch 8 step 4350 loss 0.00025
epoch 8 step 4400 loss 0.00033
epoch 8 step 4450 loss 0.00041
epoch 8 step 4500 loss 0.00036
epoch 8 step 4550 loss 0.00021
epoch 8 step 4600 loss 0.00034
epoch 8 step 4650 loss 0.00037
epoch 8 step 4700 loss 0.00037
epoch 8 step 4750 loss 0.00019
epoch 8 step 4800 loss 0.00022
epoch 8 step 4850 loss 0.00014
epoch 8 step 4900 loss 0.00030
epoch 8 step 4950 loss 0.00028
epoch 8 step 5000 loss 0.00021
epoch 8 step 5050 loss 0.00028
epoch 8 step 5100 loss 0.00036
epoch 8 step 5150 loss 0.00034
epoch 8 step 5200 loss 0.00037
epoch 8 step 5250 loss 0.00021
epoch 8 step 5300 loss 0.00020
epoch 8 step 5350 loss 0.00029
epoch 8 step 5400 loss 0.00017
epoch 8 step 5450 loss 0.00020
epoch 8 step 5500 loss 0.00033
epoch 8 step 5550 loss 0.00027
epoch 8 step 5600 loss 0.00020
epoch 8 step 5650 loss 0.00016
epoch 8 step 5700 loss 0.00020
epoch 8 step 5750 loss 0.00033
epoch 8 step 5800 loss 0.00022
epoch 8 step 5850 loss 0.00033
epoch 8 step 5900 loss 0.00029
epoch 8 step 5950 loss 0.00018
epoch 8 step 6000 loss 0.00023
epoch 8 step 6050 loss 0.00029
epoch 8 step 6100 loss 0.00024
epoch 8 step 6150 loss 0.00030
epoch 8 step 6200 loss 0.00032
epoch 8 step 6250 loss 0.00025
epoch 8 step 6300 loss 0.00026
epoch 8 step 6350 loss 0.00042
epoch 8 step 6400 loss 0.00027
epoch 8 step 6450 loss 0.00032
epoch 8 step 6500 loss 0.00037
epoch 8 step 6550 loss 0.00025
epoch 8 step 6600 loss 0.00032
epoch 8 step 6650 loss 0.00025
epoch 8 step 6700 loss 0.00024
epoch 8 step 6750 loss 0.00019
epoch 8 step 6800 loss 0.00024
epoch 8 step 6850 loss 0.00024
epoch 8 step 6900 loss 0.00030
epoch 8 step 6950 loss 0.00031
epoch 8 step 7000 loss 0.00036
epoch 8 step 7050 loss 0.00032
epoch 8 step 7100 loss 0.00045
epoch 8 step 7150 loss 0.00020
epoch 8 step 7200 loss 0.00024
epoch 8 step 7250 loss 0.00017
epoch 8 step 7300 loss 0.00026
epoch 8 step 7350 loss 0.00037
epoch 8 step 7400 loss 0.00027
epoch 8 step 7450 loss 0.00028
epoch 8 step 7500 loss 0.00015
epoch 8 step 7550 loss 0.00021
epoch 8 step 7600 loss 0.00026
epoch 8 step 7650 loss 0.00027
epoch 8 step 7700 loss 0.00033
epoch 8 step 7750 loss 0.00028
epoch 8 step 7800 loss 0.00023
epoch 8 step 7850 loss 0.00025
epoch 8 step 7900 loss 0.00021
epoch 8 step 7950 loss 0.00022
{'epoch': 8, 'train_loss': 0.0002605611868914341}
{'epoch': 8, 'val_loss': 0.00021726057399102446, 'val_pck01': 0.998223524654333}
saved best -> data/processed/train_hrnet_w32/best.pt (val_pck01=0.9982)
epoch 9 step 0 loss 0.00024
epoch 9 step 50 loss 0.00036
epoch 9 step 100 loss 0.00037
epoch 9 step 150 loss 0.00021
epoch 9 step 200 loss 0.00018
epoch 9 step 250 loss 0.00024
epoch 9 step 300 loss 0.00019
epoch 9 step 350 loss 0.00023
epoch 9 step 400 loss 0.00033
epoch 9 step 450 loss 0.00036
epoch 9 step 500 loss 0.00028
epoch 9 step 550 loss 0.00020
epoch 9 step 600 loss 0.00026
epoch 9 step 650 loss 0.00014
epoch 9 step 700 loss 0.00026
epoch 9 step 750 loss 0.00025
epoch 9 step 800 loss 0.00018
epoch 9 step 850 loss 0.00030
epoch 9 step 900 loss 0.00023
epoch 9 step 950 loss 0.00035
epoch 9 step 1000 loss 0.00019
epoch 9 step 1050 loss 0.00025
epoch 9 step 1100 loss 0.00041
epoch 9 step 1150 loss 0.00024
epoch 9 step 1200 loss 0.00018
epoch 9 step 1250 loss 0.00026
epoch 9 step 1300 loss 0.00017
epoch 9 step 1350 loss 0.00022
epoch 9 step 1400 loss 0.00018
epoch 9 step 1450 loss 0.00018
epoch 9 step 1500 loss 0.00033
epoch 9 step 1550 loss 0.00027
epoch 9 step 1600 loss 0.00016
epoch 9 step 1650 loss 0.00021
epoch 9 step 1700 loss 0.00026
epoch 9 step 1750 loss 0.00024
epoch 9 step 1800 loss 0.00025
epoch 9 step 1850 loss 0.00020
epoch 9 step 1900 loss 0.00027
epoch 9 step 1950 loss 0.00044
epoch 9 step 2000 loss 0.00048
epoch 9 step 2050 loss 0.00035
epoch 9 step 2100 loss 0.00031
epoch 9 step 2150 loss 0.00037
epoch 9 step 2200 loss 0.00022
epoch 9 step 2250 loss 0.00030
epoch 9 step 2300 loss 0.00028
epoch 9 step 2350 loss 0.00031
epoch 9 step 2400 loss 0.00026
epoch 9 step 2450 loss 0.00024
epoch 9 step 2500 loss 0.00026
epoch 9 step 2550 loss 0.00018
epoch 9 step 2600 loss 0.00035
epoch 9 step 2650 loss 0.00025
epoch 9 step 2700 loss 0.00019
epoch 9 step 2750 loss 0.00033
epoch 9 step 2800 loss 0.00022
epoch 9 step 2850 loss 0.00023
epoch 9 step 2900 loss 0.00027
epoch 9 step 2950 loss 0.00034
epoch 9 step 3000 loss 0.00033
epoch 9 step 3050 loss 0.00031
epoch 9 step 3100 loss 0.00032
epoch 9 step 3150 loss 0.00039
epoch 9 step 3200 loss 0.00023
epoch 9 step 3250 loss 0.00024
epoch 9 step 3300 loss 0.00041
epoch 9 step 3350 loss 0.00028
epoch 9 step 3400 loss 0.00024
epoch 9 step 3450 loss 0.00021
epoch 9 step 3500 loss 0.00018
epoch 9 step 3550 loss 0.00027
epoch 9 step 3600 loss 0.00032
epoch 9 step 3650 loss 0.00023
epoch 9 step 3700 loss 0.00031
epoch 9 step 3750 loss 0.00024
epoch 9 step 3800 loss 0.00022
epoch 9 step 3850 loss 0.00028
epoch 9 step 3900 loss 0.00019
epoch 9 step 3950 loss 0.00028
epoch 9 step 4000 loss 0.00017
epoch 9 step 4050 loss 0.00027
epoch 9 step 4100 loss 0.00022
epoch 9 step 4150 loss 0.00028
epoch 9 step 4200 loss 0.00027
epoch 9 step 4250 loss 0.00024
epoch 9 step 4300 loss 0.00024
epoch 9 step 4350 loss 0.00025
epoch 9 step 4400 loss 0.00019
epoch 9 step 4450 loss 0.00038
epoch 9 step 4500 loss 0.00020
epoch 9 step 4550 loss 0.00020
epoch 9 step 4600 loss 0.00032
epoch 9 step 4650 loss 0.00027
epoch 9 step 4700 loss 0.00027
epoch 9 step 4750 loss 0.00018
epoch 9 step 4800 loss 0.00043
epoch 9 step 4850 loss 0.00026
epoch 9 step 4900 loss 0.00016
epoch 9 step 4950 loss 0.00037
epoch 9 step 5000 loss 0.00031
epoch 9 step 5050 loss 0.00036
epoch 9 step 5100 loss 0.00019
epoch 9 step 5150 loss 0.00042
epoch 9 step 5200 loss 0.00028
epoch 9 step 5250 loss 0.00026
epoch 9 step 5300 loss 0.00019
epoch 9 step 5350 loss 0.00033
epoch 9 step 5400 loss 0.00026
epoch 9 step 5450 loss 0.00014
epoch 9 step 5500 loss 0.00023
epoch 9 step 5550 loss 0.00032
epoch 9 step 5600 loss 0.00027
epoch 9 step 5650 loss 0.00024
epoch 9 step 5700 loss 0.00023
epoch 9 step 5750 loss 0.00024
epoch 9 step 5800 loss 0.00022
epoch 9 step 5850 loss 0.00021
epoch 9 step 5900 loss 0.00024
epoch 9 step 5950 loss 0.00014
epoch 9 step 6000 loss 0.00031
epoch 9 step 6050 loss 0.00015
epoch 9 step 6100 loss 0.00035
epoch 9 step 6150 loss 0.00017
epoch 9 step 6200 loss 0.00058
epoch 9 step 6250 loss 0.00027
epoch 9 step 6300 loss 0.00019
epoch 9 step 6350 loss 0.00017
epoch 9 step 6400 loss 0.00025
epoch 9 step 6450 loss 0.00052
epoch 9 step 6500 loss 0.00031
epoch 9 step 6550 loss 0.00028
epoch 9 step 6600 loss 0.00021
epoch 9 step 6650 loss 0.00060
epoch 9 step 6700 loss 0.00027
epoch 9 step 6750 loss 0.00022
epoch 9 step 6800 loss 0.00023
epoch 9 step 6850 loss 0.00031
epoch 9 step 6900 loss 0.00033
epoch 9 step 6950 loss 0.00023
epoch 9 step 7000 loss 0.00037
epoch 9 step 7050 loss 0.00036
epoch 9 step 7100 loss 0.00020
epoch 9 step 7150 loss 0.00036
epoch 9 step 7200 loss 0.00024
epoch 9 step 7250 loss 0.00038
epoch 9 step 7300 loss 0.00045
epoch 9 step 7350 loss 0.00023
epoch 9 step 7400 loss 0.00020
epoch 9 step 7450 loss 0.00023
epoch 9 step 7500 loss 0.00019
epoch 9 step 7550 loss 0.00021
epoch 9 step 7600 loss 0.00021
epoch 9 step 7650 loss 0.00033
epoch 9 step 7700 loss 0.00028
epoch 9 step 7750 loss 0.00021
epoch 9 step 7800 loss 0.00017
epoch 9 step 7850 loss 0.00023
epoch 9 step 7900 loss 0.00034
epoch 9 step 7950 loss 0.00020
{'epoch': 9, 'train_loss': 0.0002578499264218154}
epoch 10 step 0 loss 0.00032
epoch 10 step 50 loss 0.00025
epoch 10 step 100 loss 0.00026
epoch 10 step 150 loss 0.00032
epoch 10 step 200 loss 0.00020
epoch 10 step 250 loss 0.00027
epoch 10 step 300 loss 0.00043
epoch 10 step 350 loss 0.00016
epoch 10 step 400 loss 0.00023
epoch 10 step 450 loss 0.00023
epoch 10 step 500 loss 0.00028
epoch 10 step 550 loss 0.00031
epoch 10 step 600 loss 0.00016
epoch 10 step 650 loss 0.00025
epoch 10 step 700 loss 0.00029
epoch 10 step 750 loss 0.00028
epoch 10 step 800 loss 0.00035
epoch 10 step 850 loss 0.00017
epoch 10 step 900 loss 0.00025
epoch 10 step 950 loss 0.00021
epoch 10 step 1000 loss 0.00020
epoch 10 step 1050 loss 0.00026
epoch 10 step 1100 loss 0.00017
epoch 10 step 1150 loss 0.00040
epoch 10 step 1200 loss 0.00018
epoch 10 step 1250 loss 0.00025
epoch 10 step 1300 loss 0.00028
epoch 10 step 1350 loss 0.00019
epoch 10 step 1400 loss 0.00035
epoch 10 step 1450 loss 0.00023
epoch 10 step 1500 loss 0.00045
epoch 10 step 1550 loss 0.00028
epoch 10 step 1600 loss 0.00017
epoch 10 step 1650 loss 0.00021
epoch 10 step 1700 loss 0.00020
epoch 10 step 1750 loss 0.00021
epoch 10 step 1800 loss 0.00036
epoch 10 step 1850 loss 0.00025
epoch 10 step 1900 loss 0.00027
epoch 10 step 1950 loss 0.00022
epoch 10 step 2000 loss 0.00024
epoch 10 step 2050 loss 0.00032
epoch 10 step 2100 loss 0.00033
epoch 10 step 2150 loss 0.00035
epoch 10 step 2200 loss 0.00024
epoch 10 step 2250 loss 0.00020
epoch 10 step 2300 loss 0.00029
epoch 10 step 2350 loss 0.00024
epoch 10 step 2400 loss 0.00032
epoch 10 step 2450 loss 0.00022
epoch 10 step 2500 loss 0.00019
epoch 10 step 2550 loss 0.00028
epoch 10 step 2600 loss 0.00041
epoch 10 step 2650 loss 0.00019
epoch 10 step 2700 loss 0.00033
epoch 10 step 2750 loss 0.00031
epoch 10 step 2800 loss 0.00026
epoch 10 step 2850 loss 0.00023
epoch 10 step 2900 loss 0.00026
epoch 10 step 2950 loss 0.00022
epoch 10 step 3000 loss 0.00026
epoch 10 step 3050 loss 0.00029
epoch 10 step 3100 loss 0.00019
epoch 10 step 3150 loss 0.00030
epoch 10 step 3200 loss 0.00016
epoch 10 step 3250 loss 0.00021
epoch 10 step 3300 loss 0.00032
epoch 10 step 3350 loss 0.00034
epoch 10 step 3400 loss 0.00020
epoch 10 step 3450 loss 0.00019
epoch 10 step 3500 loss 0.00022
epoch 10 step 3550 loss 0.00023
epoch 10 step 3600 loss 0.00029
epoch 10 step 3650 loss 0.00018
epoch 10 step 3700 loss 0.00020
epoch 10 step 3750 loss 0.00021
epoch 10 step 3800 loss 0.00040
epoch 10 step 3850 loss 0.00021
epoch 10 step 3900 loss 0.00031
epoch 10 step 3950 loss 0.00021
epoch 10 step 4000 loss 0.00027
epoch 10 step 4050 loss 0.00021
epoch 10 step 4100 loss 0.00024
epoch 10 step 4150 loss 0.00055
epoch 10 step 4200 loss 0.00026
epoch 10 step 4250 loss 0.00016
epoch 10 step 4300 loss 0.00038
epoch 10 step 4350 loss 0.00022
epoch 10 step 4400 loss 0.00029
epoch 10 step 4450 loss 0.00020
epoch 10 step 4500 loss 0.00031
epoch 10 step 4550 loss 0.00030
epoch 10 step 4600 loss 0.00022
epoch 10 step 4650 loss 0.00037
epoch 10 step 4700 loss 0.00029
epoch 10 step 4750 loss 0.00023
epoch 10 step 4800 loss 0.00035
epoch 10 step 4850 loss 0.00027
epoch 10 step 4900 loss 0.00021
epoch 10 step 4950 loss 0.00030
epoch 10 step 5000 loss 0.00017
epoch 10 step 5050 loss 0.00017
epoch 10 step 5100 loss 0.00020
epoch 10 step 5150 loss 0.00025
epoch 10 step 5200 loss 0.00030
epoch 10 step 5250 loss 0.00025
epoch 10 step 5300 loss 0.00020
epoch 10 step 5350 loss 0.00018
epoch 10 step 5400 loss 0.00018
epoch 10 step 5450 loss 0.00026
epoch 10 step 5500 loss 0.00018
epoch 10 step 5550 loss 0.00026
epoch 10 step 5600 loss 0.00028
epoch 10 step 5650 loss 0.00016
epoch 10 step 5700 loss 0.00019
epoch 10 step 5750 loss 0.00019
epoch 10 step 5800 loss 0.00034
epoch 10 step 5850 loss 0.00029
epoch 10 step 5900 loss 0.00019
epoch 10 step 5950 loss 0.00022
epoch 10 step 6000 loss 0.00019
epoch 10 step 6050 loss 0.00025
epoch 10 step 6100 loss 0.00028
epoch 10 step 6150 loss 0.00025
epoch 10 step 6200 loss 0.00025
epoch 10 step 6250 loss 0.00023
epoch 10 step 6300 loss 0.00023
epoch 10 step 6350 loss 0.00034
epoch 10 step 6400 loss 0.00016
epoch 10 step 6450 loss 0.00016
epoch 10 step 6500 loss 0.00034
epoch 10 step 6550 loss 0.00033
epoch 10 step 6600 loss 0.00023
epoch 10 step 6650 loss 0.00024
epoch 10 step 6700 loss 0.00025
epoch 10 step 6750 loss 0.00022
epoch 10 step 6800 loss 0.00028
epoch 10 step 6850 loss 0.00030
epoch 10 step 6900 loss 0.00020
epoch 10 step 6950 loss 0.00033
epoch 10 step 7000 loss 0.00023
epoch 10 step 7050 loss 0.00029
epoch 10 step 7100 loss 0.00018
epoch 10 step 7150 loss 0.00031
epoch 10 step 7200 loss 0.00023
epoch 10 step 7250 loss 0.00046
epoch 10 step 7300 loss 0.00055
epoch 10 step 7350 loss 0.00021
epoch 10 step 7400 loss 0.00021
epoch 10 step 7450 loss 0.00020
epoch 10 step 7500 loss 0.00028
epoch 10 step 7550 loss 0.00021
epoch 10 step 7600 loss 0.00028
epoch 10 step 7650 loss 0.00036
epoch 10 step 7700 loss 0.00032
epoch 10 step 7750 loss 0.00043
epoch 10 step 7800 loss 0.00019
epoch 10 step 7850 loss 0.00023
epoch 10 step 7900 loss 0.00020
epoch 10 step 7950 loss 0.00020
{'epoch': 10, 'train_loss': 0.0002542447836719345}
{'epoch': 10, 'val_loss': 0.00021297587828076264, 'val_pck01': 0.9980593109899821}
epoch 11 step 0 loss 0.00018
epoch 11 step 50 loss 0.00022
epoch 11 step 100 loss 0.00021
epoch 11 step 150 loss 0.00022
epoch 11 step 200 loss 0.00029
epoch 11 step 250 loss 0.00026
epoch 11 step 300 loss 0.00026
epoch 11 step 350 loss 0.00029
epoch 11 step 400 loss 0.00026
epoch 11 step 450 loss 0.00024
epoch 11 step 500 loss 0.00016
epoch 11 step 550 loss 0.00019
epoch 11 step 600 loss 0.00018
epoch 11 step 650 loss 0.00027
epoch 11 step 700 loss 0.00017
epoch 11 step 750 loss 0.00024
epoch 11 step 800 loss 0.00024
epoch 11 step 850 loss 0.00020
epoch 11 step 900 loss 0.00024
epoch 11 step 950 loss 0.00016
epoch 11 step 1000 loss 0.00024
epoch 11 step 1050 loss 0.00025
epoch 11 step 1100 loss 0.00047
epoch 11 step 1150 loss 0.00037
epoch 11 step 1200 loss 0.00030
epoch 11 step 1250 loss 0.00025
epoch 11 step 1300 loss 0.00021
epoch 11 step 1350 loss 0.00023
epoch 11 step 1400 loss 0.00017
epoch 11 step 1450 loss 0.00020
epoch 11 step 1500 loss 0.00024
epoch 11 step 1550 loss 0.00026
epoch 11 step 1600 loss 0.00022
epoch 11 step 1650 loss 0.00024
epoch 11 step 1700 loss 0.00022
epoch 11 step 1750 loss 0.00025
epoch 11 step 1800 loss 0.00022
epoch 11 step 1850 loss 0.00018
epoch 11 step 1900 loss 0.00019
epoch 11 step 1950 loss 0.00018
epoch 11 step 2000 loss 0.00029
epoch 11 step 2050 loss 0.00022
epoch 11 step 2100 loss 0.00057
epoch 11 step 2150 loss 0.00039
epoch 11 step 2200 loss 0.00040
epoch 11 step 2250 loss 0.00036
epoch 11 step 2300 loss 0.00027
epoch 11 step 2350 loss 0.00016
epoch 11 step 2400 loss 0.00023
epoch 11 step 2450 loss 0.00028
epoch 11 step 2500 loss 0.00029
epoch 11 step 2550 loss 0.00022
epoch 11 step 2600 loss 0.00050
epoch 11 step 2650 loss 0.00036
epoch 11 step 2700 loss 0.00039
epoch 11 step 2750 loss 0.00030
epoch 11 step 2800 loss 0.00019
epoch 11 step 2850 loss 0.00023
epoch 11 step 2900 loss 0.00025
epoch 11 step 2950 loss 0.00016
epoch 11 step 3000 loss 0.00020
epoch 11 step 3050 loss 0.00042
epoch 11 step 3100 loss 0.00018
epoch 11 step 3150 loss 0.00022
epoch 11 step 3200 loss 0.00021
epoch 11 step 3250 loss 0.00042
epoch 11 step 3300 loss 0.00026
epoch 11 step 3350 loss 0.00023
epoch 11 step 3400 loss 0.00022
epoch 11 step 3450 loss 0.00019
epoch 11 step 3500 loss 0.00041
epoch 11 step 3550 loss 0.00029
epoch 11 step 3600 loss 0.00022
epoch 11 step 3650 loss 0.00041
epoch 11 step 3700 loss 0.00018
epoch 11 step 3750 loss 0.00034
epoch 11 step 3800 loss 0.00021
epoch 11 step 3850 loss 0.00017
epoch 11 step 3900 loss 0.00023
epoch 11 step 3950 loss 0.00025
epoch 11 step 4000 loss 0.00024
epoch 11 step 4050 loss 0.00022
epoch 11 step 4100 loss 0.00026
epoch 11 step 4150 loss 0.00020
epoch 11 step 4200 loss 0.00026
epoch 11 step 4250 loss 0.00020
epoch 11 step 4300 loss 0.00024
epoch 11 step 4350 loss 0.00026
epoch 11 step 4400 loss 0.00035
epoch 11 step 4450 loss 0.00028
epoch 11 step 4500 loss 0.00022
epoch 11 step 4550 loss 0.00033
epoch 11 step 4600 loss 0.00017
epoch 11 step 4650 loss 0.00030
epoch 11 step 4700 loss 0.00026
epoch 11 step 4750 loss 0.00040
epoch 11 step 4800 loss 0.00028
epoch 11 step 4850 loss 0.00018
epoch 11 step 4900 loss 0.00013
epoch 11 step 4950 loss 0.00036
epoch 11 step 5000 loss 0.00024
epoch 11 step 5050 loss 0.00020
epoch 11 step 5100 loss 0.00024
epoch 11 step 5150 loss 0.00022
epoch 11 step 5200 loss 0.00018
epoch 11 step 5250 loss 0.00018
epoch 11 step 5300 loss 0.00020
epoch 11 step 5350 loss 0.00026
epoch 11 step 5400 loss 0.00024
epoch 11 step 5450 loss 0.00054
epoch 11 step 5500 loss 0.00027
epoch 11 step 5550 loss 0.00023
epoch 11 step 5600 loss 0.00017
epoch 11 step 5650 loss 0.00023
epoch 11 step 5700 loss 0.00023
epoch 11 step 5750 loss 0.00025
epoch 11 step 5800 loss 0.00029
epoch 11 step 5850 loss 0.00021
epoch 11 step 5900 loss 0.00017
epoch 11 step 5950 loss 0.00033
epoch 11 step 6000 loss 0.00017
epoch 11 step 6050 loss 0.00022
epoch 11 step 6100 loss 0.00020
epoch 11 step 6150 loss 0.00026
epoch 11 step 6200 loss 0.00019
epoch 11 step 6250 loss 0.00026
epoch 11 step 6300 loss 0.00050
epoch 11 step 6350 loss 0.00027
epoch 11 step 6400 loss 0.00021
epoch 11 step 6450 loss 0.00018
epoch 11 step 6500 loss 0.00036
epoch 11 step 6550 loss 0.00020
epoch 11 step 6600 loss 0.00016
epoch 11 step 6650 loss 0.00025
epoch 11 step 6700 loss 0.00030
epoch 11 step 6750 loss 0.00030
epoch 11 step 6800 loss 0.00022
epoch 11 step 6850 loss 0.00024
epoch 11 step 6900 loss 0.00021
epoch 11 step 6950 loss 0.00017
epoch 11 step 7000 loss 0.00023
epoch 11 step 7050 loss 0.00023
epoch 11 step 7100 loss 0.00018
epoch 11 step 7150 loss 0.00015
epoch 11 step 7200 loss 0.00032
epoch 11 step 7250 loss 0.00037
epoch 11 step 7300 loss 0.00032
epoch 11 step 7350 loss 0.00034
epoch 11 step 7400 loss 0.00031
epoch 11 step 7450 loss 0.00052
epoch 11 step 7500 loss 0.00023
epoch 11 step 7550 loss 0.00025
epoch 11 step 7600 loss 0.00020
epoch 11 step 7650 loss 0.00021
epoch 11 step 7700 loss 0.00037
epoch 11 step 7750 loss 0.00017
epoch 11 step 7800 loss 0.00024
epoch 11 step 7850 loss 0.00025
epoch 11 step 7900 loss 0.00018
epoch 11 step 7950 loss 0.00022
{'epoch': 11, 'train_loss': 0.0002519240217619568}
epoch 12 step 0 loss 0.00024
epoch 12 step 50 loss 0.00022
epoch 12 step 100 loss 0.00021
epoch 12 step 150 loss 0.00029
epoch 12 step 200 loss 0.00027
epoch 12 step 250 loss 0.00023
epoch 12 step 300 loss 0.00025
epoch 12 step 350 loss 0.00023
epoch 12 step 400 loss 0.00036
epoch 12 step 450 loss 0.00022
epoch 12 step 500 loss 0.00029
epoch 12 step 550 loss 0.00022
epoch 12 step 600 loss 0.00017
epoch 12 step 650 loss 0.00022
epoch 12 step 700 loss 0.00024
epoch 12 step 750 loss 0.00026
epoch 12 step 800 loss 0.00022
epoch 12 step 850 loss 0.00021
epoch 12 step 900 loss 0.00029
epoch 12 step 950 loss 0.00020
epoch 12 step 1000 loss 0.00018
epoch 12 step 1050 loss 0.00019
epoch 12 step 1100 loss 0.00027
epoch 12 step 1150 loss 0.00015
epoch 12 step 1200 loss 0.00019
epoch 12 step 1250 loss 0.00033
epoch 12 step 1300 loss 0.00016
epoch 12 step 1350 loss 0.00023
epoch 12 step 1400 loss 0.00021
epoch 12 step 1450 loss 0.00021
epoch 12 step 1500 loss 0.00040
epoch 12 step 1550 loss 0.00022
epoch 12 step 1600 loss 0.00021
epoch 12 step 1650 loss 0.00021
epoch 12 step 1700 loss 0.00022
epoch 12 step 1750 loss 0.00030
epoch 12 step 1800 loss 0.00021
epoch 12 step 1850 loss 0.00027
epoch 12 step 1900 loss 0.00027
epoch 12 step 1950 loss 0.00016
epoch 12 step 2000 loss 0.00027
epoch 12 step 2050 loss 0.00025
epoch 12 step 2100 loss 0.00023
epoch 12 step 2150 loss 0.00024
epoch 12 step 2200 loss 0.00022
epoch 12 step 2250 loss 0.00024
epoch 12 step 2300 loss 0.00023
epoch 12 step 2350 loss 0.00022
epoch 12 step 2400 loss 0.00040
epoch 12 step 2450 loss 0.00019
epoch 12 step 2500 loss 0.00020
epoch 12 step 2550 loss 0.00021
epoch 12 step 2600 loss 0.00019
epoch 12 step 2650 loss 0.00022
epoch 12 step 2700 loss 0.00030
epoch 12 step 2750 loss 0.00028
epoch 12 step 2800 loss 0.00026
epoch 12 step 2850 loss 0.00016
epoch 12 step 2900 loss 0.00015
epoch 12 step 2950 loss 0.00025
epoch 12 step 3000 loss 0.00019
epoch 12 step 3050 loss 0.00031
epoch 12 step 3100 loss 0.00023
epoch 12 step 3150 loss 0.00025
epoch 12 step 3200 loss 0.00024
epoch 12 step 3250 loss 0.00028
epoch 12 step 3300 loss 0.00027
epoch 12 step 3350 loss 0.00028
epoch 12 step 3400 loss 0.00027
epoch 12 step 3450 loss 0.00026
epoch 12 step 3500 loss 0.00028
epoch 12 step 3550 loss 0.00027
epoch 12 step 3600 loss 0.00017
epoch 12 step 3650 loss 0.00016
epoch 12 step 3700 loss 0.00017
epoch 12 step 3750 loss 0.00050
epoch 12 step 3800 loss 0.00014
epoch 12 step 3850 loss 0.00028
epoch 12 step 3900 loss 0.00017
epoch 12 step 3950 loss 0.00021
epoch 12 step 4000 loss 0.00018
epoch 12 step 4050 loss 0.00027
epoch 12 step 4100 loss 0.00025
epoch 12 step 4150 loss 0.00020
epoch 12 step 4200 loss 0.00017
epoch 12 step 4250 loss 0.00027
epoch 12 step 4300 loss 0.00032
epoch 12 step 4350 loss 0.00032
epoch 12 step 4400 loss 0.00020
epoch 12 step 4450 loss 0.00033
epoch 12 step 4500 loss 0.00022
epoch 12 step 4550 loss 0.00027
epoch 12 step 4600 loss 0.00035
epoch 12 step 4650 loss 0.00021
epoch 12 step 4700 loss 0.00038
epoch 12 step 4750 loss 0.00019
epoch 12 step 4800 loss 0.00027
epoch 12 step 4850 loss 0.00022
epoch 12 step 4900 loss 0.00020
epoch 12 step 4950 loss 0.00024
epoch 12 step 5000 loss 0.00019
epoch 12 step 5050 loss 0.00026
epoch 12 step 5100 loss 0.00036
epoch 12 step 5150 loss 0.00023
epoch 12 step 5200 loss 0.00028
epoch 12 step 5250 loss 0.00022
epoch 12 step 5300 loss 0.00019
epoch 12 step 5350 loss 0.00026
epoch 12 step 5400 loss 0.00037
epoch 12 step 5450 loss 0.00027
epoch 12 step 5500 loss 0.00028
epoch 12 step 5550 loss 0.00035
epoch 12 step 5600 loss 0.00025
epoch 12 step 5650 loss 0.00022
epoch 12 step 5700 loss 0.00030
epoch 12 step 5750 loss 0.00025
epoch 12 step 5800 loss 0.00021
epoch 12 step 5850 loss 0.00048
epoch 12 step 5900 loss 0.00017
epoch 12 step 5950 loss 0.00022
epoch 12 step 6000 loss 0.00023
epoch 12 step 6050 loss 0.00031
epoch 12 step 6100 loss 0.00024
epoch 12 step 6150 loss 0.00025
epoch 12 step 6200 loss 0.00019
epoch 12 step 6250 loss 0.00026
epoch 12 step 6300 loss 0.00017
epoch 12 step 6350 loss 0.00025
epoch 12 step 6400 loss 0.00022
epoch 12 step 6450 loss 0.00026
epoch 12 step 6500 loss 0.00020
epoch 12 step 6550 loss 0.00037
epoch 12 step 6600 loss 0.00023
epoch 12 step 6650 loss 0.00020
epoch 12 step 6700 loss 0.00020
epoch 12 step 6750 loss 0.00021
epoch 12 step 6800 loss 0.00032
epoch 12 step 6850 loss 0.00022
epoch 12 step 6900 loss 0.00021
epoch 12 step 6950 loss 0.00017
epoch 12 step 7000 loss 0.00028
epoch 12 step 7050 loss 0.00031
epoch 12 step 7100 loss 0.00020
epoch 12 step 7150 loss 0.00027
epoch 12 step 7200 loss 0.00032
epoch 12 step 7250 loss 0.00015
epoch 12 step 7300 loss 0.00022
epoch 12 step 7350 loss 0.00035
epoch 12 step 7400 loss 0.00021
epoch 12 step 7450 loss 0.00036
epoch 12 step 7500 loss 0.00028
epoch 12 step 7550 loss 0.00026
epoch 12 step 7600 loss 0.00028
epoch 12 step 7650 loss 0.00032
epoch 12 step 7700 loss 0.00022
epoch 12 step 7750 loss 0.00019
epoch 12 step 7800 loss 0.00020
epoch 12 step 7850 loss 0.00030
epoch 12 step 7900 loss 0.00022
epoch 12 step 7950 loss 0.00025
{'epoch': 12, 'train_loss': 0.00024961569345967745}
{'epoch': 12, 'val_loss': 0.00021097199666702285, 'val_pck01': 0.9980888606183055}
epoch 13 step 0 loss 0.00018
epoch 13 step 50 loss 0.00023
epoch 13 step 100 loss 0.00032
epoch 13 step 150 loss 0.00024
epoch 13 step 200 loss 0.00020
epoch 13 step 250 loss 0.00021
epoch 13 step 300 loss 0.00019
epoch 13 step 350 loss 0.00024
epoch 13 step 400 loss 0.00026
epoch 13 step 450 loss 0.00021
epoch 13 step 500 loss 0.00025
epoch 13 step 550 loss 0.00019
epoch 13 step 600 loss 0.00020
epoch 13 step 650 loss 0.00030
epoch 13 step 700 loss 0.00017
epoch 13 step 750 loss 0.00046
epoch 13 step 800 loss 0.00022
epoch 13 step 850 loss 0.00030
epoch 13 step 900 loss 0.00032
epoch 13 step 950 loss 0.00022
epoch 13 step 1000 loss 0.00020
epoch 13 step 1050 loss 0.00021
epoch 13 step 1100 loss 0.00030
epoch 13 step 1150 loss 0.00022
epoch 13 step 1200 loss 0.00037
epoch 13 step 1250 loss 0.00022
epoch 13 step 1300 loss 0.00042
epoch 13 step 1350 loss 0.00023
epoch 13 step 1400 loss 0.00028
epoch 13 step 1450 loss 0.00021
epoch 13 step 1500 loss 0.00022
epoch 13 step 1550 loss 0.00026
epoch 13 step 1600 loss 0.00027
epoch 13 step 1650 loss 0.00045
epoch 13 step 1700 loss 0.00025
epoch 13 step 1750 loss 0.00015
epoch 13 step 1800 loss 0.00022
epoch 13 step 1850 loss 0.00023
epoch 13 step 1900 loss 0.00022
epoch 13 step 1950 loss 0.00020
epoch 13 step 2000 loss 0.00021
epoch 13 step 2050 loss 0.00032
epoch 13 step 2100 loss 0.00031
epoch 13 step 2150 loss 0.00068
epoch 13 step 2200 loss 0.00031
epoch 13 step 2250 loss 0.00022
epoch 13 step 2300 loss 0.00017
epoch 13 step 2350 loss 0.00023
epoch 13 step 2400 loss 0.00017
epoch 13 step 2450 loss 0.00020
epoch 13 step 2500 loss 0.00038
epoch 13 step 2550 loss 0.00022
epoch 13 step 2600 loss 0.00020
epoch 13 step 2650 loss 0.00033
epoch 13 step 2700 loss 0.00039
epoch 13 step 2750 loss 0.00024
epoch 13 step 2800 loss 0.00031
epoch 13 step 2850 loss 0.00030
epoch 13 step 2900 loss 0.00025
epoch 13 step 2950 loss 0.00021
epoch 13 step 3000 loss 0.00022
epoch 13 step 3050 loss 0.00022
epoch 13 step 3100 loss 0.00020
epoch 13 step 3150 loss 0.00028
epoch 13 step 3200 loss 0.00028
epoch 13 step 3250 loss 0.00023
epoch 13 step 3300 loss 0.00019
epoch 13 step 3350 loss 0.00022
epoch 13 step 3400 loss 0.00025
epoch 13 step 3450 loss 0.00015
epoch 13 step 3500 loss 0.00020
epoch 13 step 3550 loss 0.00016
epoch 13 step 3600 loss 0.00026
epoch 13 step 3650 loss 0.00022
epoch 13 step 3700 loss 0.00033
epoch 13 step 3750 loss 0.00021
epoch 13 step 3800 loss 0.00025
epoch 13 step 3850 loss 0.00020
epoch 13 step 3900 loss 0.00023
epoch 13 step 3950 loss 0.00017
epoch 13 step 4000 loss 0.00028
epoch 13 step 4050 loss 0.00026
epoch 13 step 4100 loss 0.00030
epoch 13 step 4150 loss 0.00029
epoch 13 step 4200 loss 0.00019
epoch 13 step 4250 loss 0.00025
epoch 13 step 4300 loss 0.00019
epoch 13 step 4350 loss 0.00017
epoch 13 step 4400 loss 0.00018
epoch 13 step 4450 loss 0.00033
epoch 13 step 4500 loss 0.00023
epoch 13 step 4550 loss 0.00026
epoch 13 step 4600 loss 0.00018
epoch 13 step 4650 loss 0.00025
epoch 13 step 4700 loss 0.00034
epoch 13 step 4750 loss 0.00025
epoch 13 step 4800 loss 0.00018
epoch 13 step 4850 loss 0.00021
epoch 13 step 4900 loss 0.00023
epoch 13 step 4950 loss 0.00022
epoch 13 step 5000 loss 0.00019
epoch 13 step 5050 loss 0.00025
epoch 13 step 5100 loss 0.00027
epoch 13 step 5150 loss 0.00032
epoch 13 step 5200 loss 0.00032
epoch 13 step 5250 loss 0.00020
epoch 13 step 5300 loss 0.00023
epoch 13 step 5350 loss 0.00026
epoch 13 step 5400 loss 0.00041
epoch 13 step 5450 loss 0.00020
epoch 13 step 5500 loss 0.00020
epoch 13 step 5550 loss 0.00033
epoch 13 step 5600 loss 0.00024
epoch 13 step 5650 loss 0.00022
epoch 13 step 5700 loss 0.00035
epoch 13 step 5750 loss 0.00039
epoch 13 step 5800 loss 0.00029
epoch 13 step 5850 loss 0.00023
epoch 13 step 5900 loss 0.00019
epoch 13 step 5950 loss 0.00016
epoch 13 step 6000 loss 0.00021
epoch 13 step 6050 loss 0.00024
epoch 13 step 6100 loss 0.00022
epoch 13 step 6150 loss 0.00016
epoch 13 step 6200 loss 0.00018
epoch 13 step 6250 loss 0.00032
epoch 13 step 6300 loss 0.00023
epoch 13 step 6350 loss 0.00020
epoch 13 step 6400 loss 0.00036
epoch 13 step 6450 loss 0.00022
epoch 13 step 6500 loss 0.00015
epoch 13 step 6550 loss 0.00033
epoch 13 step 6600 loss 0.00025
epoch 13 step 6650 loss 0.00033
epoch 13 step 6700 loss 0.00035
epoch 13 step 6750 loss 0.00016
epoch 13 step 6800 loss 0.00018
epoch 13 step 6850 loss 0.00026
epoch 13 step 6900 loss 0.00018
epoch 13 step 6950 loss 0.00020
epoch 13 step 7000 loss 0.00021
epoch 13 step 7050 loss 0.00018
epoch 13 step 7100 loss 0.00020
epoch 13 step 7150 loss 0.00016
epoch 13 step 7200 loss 0.00017
epoch 13 step 7250 loss 0.00023
epoch 13 step 7300 loss 0.00023
epoch 13 step 7350 loss 0.00019
epoch 13 step 7400 loss 0.00026
epoch 13 step 7450 loss 0.00026
epoch 13 step 7500 loss 0.00022
epoch 13 step 7550 loss 0.00019
epoch 13 step 7600 loss 0.00019
epoch 13 step 7650 loss 0.00028
epoch 13 step 7700 loss 0.00029
epoch 13 step 7750 loss 0.00023
epoch 13 step 7800 loss 0.00032
epoch 13 step 7850 loss 0.00018
epoch 13 step 7900 loss 0.00026
epoch 13 step 7950 loss 0.00022
{'epoch': 13, 'train_loss': 0.00024641681278854833}
epoch 14 step 0 loss 0.00034
epoch 14 step 50 loss 0.00018
epoch 14 step 100 loss 0.00037
epoch 14 step 150 loss 0.00020
epoch 14 step 200 loss 0.00036
epoch 14 step 250 loss 0.00021
epoch 14 step 300 loss 0.00017
epoch 14 step 350 loss 0.00020
epoch 14 step 400 loss 0.00039
epoch 14 step 450 loss 0.00024
epoch 14 step 500 loss 0.00018
epoch 14 step 550 loss 0.00022
epoch 14 step 600 loss 0.00031
epoch 14 step 650 loss 0.00023
epoch 14 step 700 loss 0.00022
epoch 14 step 750 loss 0.00024
epoch 14 step 800 loss 0.00015
epoch 14 step 850 loss 0.00031
epoch 14 step 900 loss 0.00026
epoch 14 step 950 loss 0.00046
epoch 14 step 1000 loss 0.00030
epoch 14 step 1050 loss 0.00022
epoch 14 step 1100 loss 0.00019
epoch 14 step 1150 loss 0.00027
epoch 14 step 1200 loss 0.00028
epoch 14 step 1250 loss 0.00024
epoch 14 step 1300 loss 0.00023
epoch 14 step 1350 loss 0.00016
epoch 14 step 1400 loss 0.00031
epoch 14 step 1450 loss 0.00024
epoch 14 step 1500 loss 0.00022
epoch 14 step 1550 loss 0.00016
epoch 14 step 1600 loss 0.00023
epoch 14 step 1650 loss 0.00023
epoch 14 step 1700 loss 0.00018
epoch 14 step 1750 loss 0.00020
epoch 14 step 1800 loss 0.00028
epoch 14 step 1850 loss 0.00027
epoch 14 step 1900 loss 0.00022
epoch 14 step 1950 loss 0.00038
epoch 14 step 2000 loss 0.00027
epoch 14 step 2050 loss 0.00021
epoch 14 step 2100 loss 0.00015
epoch 14 step 2150 loss 0.00028
epoch 14 step 2200 loss 0.00016
epoch 14 step 2250 loss 0.00033
epoch 14 step 2300 loss 0.00045
epoch 14 step 2350 loss 0.00029
epoch 14 step 2400 loss 0.00022
epoch 14 step 2450 loss 0.00021
epoch 14 step 2500 loss 0.00023
epoch 14 step 2550 loss 0.00019
epoch 14 step 2600 loss 0.00018
epoch 14 step 2650 loss 0.00026
epoch 14 step 2700 loss 0.00022
epoch 14 step 2750 loss 0.00018
epoch 14 step 2800 loss 0.00019
epoch 14 step 2850 loss 0.00028
epoch 14 step 2900 loss 0.00032
epoch 14 step 2950 loss 0.00019
epoch 14 step 3000 loss 0.00018
epoch 14 step 3050 loss 0.00022
epoch 14 step 3100 loss 0.00023
epoch 14 step 3150 loss 0.00027
epoch 14 step 3200 loss 0.00025
epoch 14 step 3250 loss 0.00028
epoch 14 step 3300 loss 0.00021
epoch 14 step 3350 loss 0.00019
epoch 14 step 3400 loss 0.00020
epoch 14 step 3450 loss 0.00020
epoch 14 step 3500 loss 0.00026
epoch 14 step 3550 loss 0.00026
epoch 14 step 3600 loss 0.00032
epoch 14 step 3650 loss 0.00030
epoch 14 step 3700 loss 0.00028
epoch 14 step 3750 loss 0.00016
epoch 14 step 3800 loss 0.00029
epoch 14 step 3850 loss 0.00025
epoch 14 step 3900 loss 0.00020
epoch 14 step 3950 loss 0.00018
epoch 14 step 4000 loss 0.00023
epoch 14 step 4050 loss 0.00022
epoch 14 step 4100 loss 0.00015
epoch 14 step 4150 loss 0.00018
epoch 14 step 4200 loss 0.00036
epoch 14 step 4250 loss 0.00034
epoch 14 step 4300 loss 0.00021
epoch 14 step 4350 loss 0.00036
epoch 14 step 4400 loss 0.00027
epoch 14 step 4450 loss 0.00029
epoch 14 step 4500 loss 0.00029
epoch 14 step 4550 loss 0.00023
epoch 14 step 4600 loss 0.00020
epoch 14 step 4650 loss 0.00025
epoch 14 step 4700 loss 0.00026
epoch 14 step 4750 loss 0.00020
epoch 14 step 4800 loss 0.00022
epoch 14 step 4850 loss 0.00026
epoch 14 step 4900 loss 0.00022
epoch 14 step 4950 loss 0.00033
epoch 14 step 5000 loss 0.00025
epoch 14 step 5050 loss 0.00025
epoch 14 step 5100 loss 0.00019
epoch 14 step 5150 loss 0.00020
epoch 14 step 5200 loss 0.00019
epoch 14 step 5250 loss 0.00025
epoch 14 step 5300 loss 0.00024
epoch 14 step 5350 loss 0.00026
epoch 14 step 5400 loss 0.00031
epoch 14 step 5450 loss 0.00026
epoch 14 step 5500 loss 0.00022
epoch 14 step 5550 loss 0.00025
epoch 14 step 5600 loss 0.00017
epoch 14 step 5650 loss 0.00025
epoch 14 step 5700 loss 0.00025
epoch 14 step 5750 loss 0.00028
epoch 14 step 5800 loss 0.00032
epoch 14 step 5850 loss 0.00022
epoch 14 step 5900 loss 0.00028
epoch 14 step 5950 loss 0.00019
epoch 14 step 6000 loss 0.00018
epoch 14 step 6050 loss 0.00024
epoch 14 step 6100 loss 0.00025
epoch 14 step 6150 loss 0.00025
epoch 14 step 6200 loss 0.00030
epoch 14 step 6250 loss 0.00024
epoch 14 step 6300 loss 0.00017
epoch 14 step 6350 loss 0.00019
epoch 14 step 6400 loss 0.00025
epoch 14 step 6450 loss 0.00022
epoch 14 step 6500 loss 0.00020
epoch 14 step 6550 loss 0.00029
epoch 14 step 6600 loss 0.00017
epoch 14 step 6650 loss 0.00026
epoch 14 step 6700 loss 0.00021
epoch 14 step 6750 loss 0.00016
epoch 14 step 6800 loss 0.00023
epoch 14 step 6850 loss 0.00020
epoch 14 step 6900 loss 0.00022
epoch 14 step 6950 loss 0.00017
epoch 14 step 7000 loss 0.00021
epoch 14 step 7050 loss 0.00021
epoch 14 step 7100 loss 0.00019
epoch 14 step 7150 loss 0.00030
epoch 14 step 7200 loss 0.00027
epoch 14 step 7250 loss 0.00018
epoch 14 step 7300 loss 0.00026
epoch 14 step 7350 loss 0.00022
epoch 14 step 7400 loss 0.00020
epoch 14 step 7450 loss 0.00018
epoch 14 step 7500 loss 0.00044
epoch 14 step 7550 loss 0.00021
epoch 14 step 7600 loss 0.00025
epoch 14 step 7650 loss 0.00023
epoch 14 step 7700 loss 0.00042
epoch 14 step 7750 loss 0.00018
epoch 14 step 7800 loss 0.00029
epoch 14 step 7850 loss 0.00037
epoch 14 step 7900 loss 0.00018
epoch 14 step 7950 loss 0.00036
{'epoch': 14, 'train_loss': 0.0002454421619595484}
{'epoch': 14, 'val_loss': 0.0002086968546705644, 'val_pck01': 0.9980681711349846}
epoch 15 step 0 loss 0.00025
epoch 15 step 50 loss 0.00020
epoch 15 step 100 loss 0.00018
epoch 15 step 150 loss 0.00024
epoch 15 step 200 loss 0.00027
epoch 15 step 250 loss 0.00015
epoch 15 step 300 loss 0.00019
epoch 15 step 350 loss 0.00020
epoch 15 step 400 loss 0.00028
epoch 15 step 450 loss 0.00020
epoch 15 step 500 loss 0.00038
epoch 15 step 550 loss 0.00049
epoch 15 step 600 loss 0.00032
epoch 15 step 650 loss 0.00020
epoch 15 step 700 loss 0.00040
epoch 15 step 750 loss 0.00021
epoch 15 step 800 loss 0.00030
epoch 15 step 850 loss 0.00021
epoch 15 step 900 loss 0.00016
epoch 15 step 950 loss 0.00020
epoch 15 step 1000 loss 0.00022
epoch 15 step 1050 loss 0.00019
epoch 15 step 1100 loss 0.00029
epoch 15 step 1150 loss 0.00019
epoch 15 step 1200 loss 0.00020
epoch 15 step 1250 loss 0.00025
epoch 15 step 1300 loss 0.00016
epoch 15 step 1350 loss 0.00019
epoch 15 step 1400 loss 0.00027
epoch 15 step 1450 loss 0.00020
epoch 15 step 1500 loss 0.00032
epoch 15 step 1550 loss 0.00020
epoch 15 step 1600 loss 0.00027
epoch 15 step 1650 loss 0.00014
epoch 15 step 1700 loss 0.00020
epoch 15 step 1750 loss 0.00018
epoch 15 step 1800 loss 0.00022
epoch 15 step 1850 loss 0.00038
epoch 15 step 1900 loss 0.00016
epoch 15 step 1950 loss 0.00034
epoch 15 step 2000 loss 0.00033
epoch 15 step 2050 loss 0.00022
epoch 15 step 2100 loss 0.00015
epoch 15 step 2150 loss 0.00028
epoch 15 step 2200 loss 0.00017
epoch 15 step 2250 loss 0.00031
epoch 15 step 2300 loss 0.00022
epoch 15 step 2350 loss 0.00024
epoch 15 step 2400 loss 0.00018
epoch 15 step 2450 loss 0.00030
epoch 15 step 2500 loss 0.00015
epoch 15 step 2550 loss 0.00030
epoch 15 step 2600 loss 0.00026
epoch 15 step 2650 loss 0.00032
epoch 15 step 2700 loss 0.00028
epoch 15 step 2750 loss 0.00029
epoch 15 step 2800 loss 0.00014
epoch 15 step 2850 loss 0.00026
epoch 15 step 2900 loss 0.00024
epoch 15 step 2950 loss 0.00016
epoch 15 step 3000 loss 0.00030
epoch 15 step 3050 loss 0.00021
epoch 15 step 3100 loss 0.00018
epoch 15 step 3150 loss 0.00029
epoch 15 step 3200 loss 0.00023
epoch 15 step 3250 loss 0.00029
epoch 15 step 3300 loss 0.00027
epoch 15 step 3350 loss 0.00016
epoch 15 step 3400 loss 0.00024
epoch 15 step 3450 loss 0.00018
epoch 15 step 3500 loss 0.00019
epoch 15 step 3550 loss 0.00039
epoch 15 step 3600 loss 0.00022
epoch 15 step 3650 loss 0.00029
epoch 15 step 3700 loss 0.00023
epoch 15 step 3750 loss 0.00023
epoch 15 step 3800 loss 0.00029
epoch 15 step 3850 loss 0.00025
epoch 15 step 3900 loss 0.00017
epoch 15 step 3950 loss 0.00020
epoch 15 step 4000 loss 0.00036
epoch 15 step 4050 loss 0.00019
epoch 15 step 4100 loss 0.00027
epoch 15 step 4150 loss 0.00022
epoch 15 step 4200 loss 0.00018
epoch 15 step 4250 loss 0.00025
epoch 15 step 4300 loss 0.00025
epoch 15 step 4350 loss 0.00015
epoch 15 step 4400 loss 0.00028
epoch 15 step 4450 loss 0.00026
epoch 15 step 4500 loss 0.00021
epoch 15 step 4550 loss 0.00023
epoch 15 step 4600 loss 0.00043
epoch 15 step 4650 loss 0.00022
epoch 15 step 4700 loss 0.00017
epoch 15 step 4750 loss 0.00015
epoch 15 step 4800 loss 0.00015
epoch 15 step 4850 loss 0.00032
epoch 15 step 4900 loss 0.00022
epoch 15 step 4950 loss 0.00016
epoch 15 step 5000 loss 0.00026
epoch 15 step 5050 loss 0.00027
epoch 15 step 5100 loss 0.00024
epoch 15 step 5150 loss 0.00022
epoch 15 step 5200 loss 0.00033
epoch 15 step 5250 loss 0.00025
epoch 15 step 5300 loss 0.00024
epoch 15 step 5350 loss 0.00022
epoch 15 step 5400 loss 0.00021
epoch 15 step 5450 loss 0.00016
epoch 15 step 5500 loss 0.00017
epoch 15 step 5550 loss 0.00017
epoch 15 step 5600 loss 0.00019
epoch 15 step 5650 loss 0.00029
epoch 15 step 5700 loss 0.00031
epoch 15 step 5750 loss 0.00027
epoch 15 step 5800 loss 0.00019
epoch 15 step 5850 loss 0.00032
epoch 15 step 5900 loss 0.00025
epoch 15 step 5950 loss 0.00023
epoch 15 step 6000 loss 0.00025
epoch 15 step 6050 loss 0.00021
epoch 15 step 6100 loss 0.00020
epoch 15 step 6150 loss 0.00016
epoch 15 step 6200 loss 0.00035
epoch 15 step 6250 loss 0.00020
epoch 15 step 6300 loss 0.00025
epoch 15 step 6350 loss 0.00022
epoch 15 step 6400 loss 0.00032
epoch 15 step 6450 loss 0.00016
epoch 15 step 6500 loss 0.00018
epoch 15 step 6550 loss 0.00027
epoch 15 step 6600 loss 0.00025
epoch 15 step 6650 loss 0.00015
epoch 15 step 6700 loss 0.00046
epoch 15 step 6750 loss 0.00018
epoch 15 step 6800 loss 0.00033
epoch 15 step 6850 loss 0.00042
epoch 15 step 6900 loss 0.00020
epoch 15 step 6950 loss 0.00020
epoch 15 step 7000 loss 0.00019
epoch 15 step 7050 loss 0.00013
epoch 15 step 7100 loss 0.00032
epoch 15 step 7150 loss 0.00019
epoch 15 step 7200 loss 0.00019
epoch 15 step 7250 loss 0.00041
epoch 15 step 7300 loss 0.00021
epoch 15 step 7350 loss 0.00030
epoch 15 step 7400 loss 0.00039
epoch 15 step 7450 loss 0.00030
epoch 15 step 7500 loss 0.00019
epoch 15 step 7550 loss 0.00022
epoch 15 step 7600 loss 0.00026
epoch 15 step 7650 loss 0.00018
epoch 15 step 7700 loss 0.00020
epoch 15 step 7750 loss 0.00027
epoch 15 step 7800 loss 0.00030
epoch 15 step 7850 loss 0.00020
epoch 15 step 7900 loss 0.00024
epoch 15 step 7950 loss 0.00021
{'epoch': 15, 'train_loss': 0.00024318349483158684}
epoch 16 step 0 loss 0.00030
epoch 16 step 50 loss 0.00020
epoch 16 step 100 loss 0.00026
epoch 16 step 150 loss 0.00015
epoch 16 step 200 loss 0.00033
epoch 16 step 250 loss 0.00018
epoch 16 step 300 loss 0.00026
epoch 16 step 350 loss 0.00021
epoch 16 step 400 loss 0.00016
epoch 16 step 450 loss 0.00020
epoch 16 step 500 loss 0.00021
epoch 16 step 550 loss 0.00031
epoch 16 step 600 loss 0.00018
epoch 16 step 650 loss 0.00021
epoch 16 step 700 loss 0.00039
epoch 16 step 750 loss 0.00027
epoch 16 step 800 loss 0.00022
epoch 16 step 850 loss 0.00017
epoch 16 step 900 loss 0.00017
epoch 16 step 950 loss 0.00030
epoch 16 step 1000 loss 0.00031
epoch 16 step 1050 loss 0.00035
epoch 16 step 1100 loss 0.00026
epoch 16 step 1150 loss 0.00027
epoch 16 step 1200 loss 0.00028
epoch 16 step 1250 loss 0.00022
epoch 16 step 1300 loss 0.00024
epoch 16 step 1350 loss 0.00031
epoch 16 step 1400 loss 0.00031
epoch 16 step 1450 loss 0.00016
epoch 16 step 1500 loss 0.00014
epoch 16 step 1550 loss 0.00039
epoch 16 step 1600 loss 0.00018
epoch 16 step 1650 loss 0.00012
epoch 16 step 1700 loss 0.00037
epoch 16 step 1750 loss 0.00020
epoch 16 step 1800 loss 0.00023
epoch 16 step 1850 loss 0.00023
epoch 16 step 1900 loss 0.00025
epoch 16 step 1950 loss 0.00024
epoch 16 step 2000 loss 0.00022
epoch 16 step 2050 loss 0.00025
epoch 16 step 2100 loss 0.00021
epoch 16 step 2150 loss 0.00024
epoch 16 step 2200 loss 0.00022
epoch 16 step 2250 loss 0.00018
epoch 16 step 2300 loss 0.00022
epoch 16 step 2350 loss 0.00020
epoch 16 step 2400 loss 0.00036
epoch 16 step 2450 loss 0.00027
epoch 16 step 2500 loss 0.00019
epoch 16 step 2550 loss 0.00026
epoch 16 step 2600 loss 0.00027
epoch 16 step 2650 loss 0.00017
epoch 16 step 2700 loss 0.00024
epoch 16 step 2750 loss 0.00018
epoch 16 step 2800 loss 0.00024
epoch 16 step 2850 loss 0.00019
epoch 16 step 2900 loss 0.00035
epoch 16 step 2950 loss 0.00016
epoch 16 step 3000 loss 0.00020
epoch 16 step 3050 loss 0.00017
epoch 16 step 3100 loss 0.00024
epoch 16 step 3150 loss 0.00015
epoch 16 step 3200 loss 0.00029
epoch 16 step 3250 loss 0.00021
epoch 16 step 3300 loss 0.00022
epoch 16 step 3350 loss 0.00018
epoch 16 step 3400 loss 0.00017
epoch 16 step 3450 loss 0.00024
epoch 16 step 3500 loss 0.00028
epoch 16 step 3550 loss 0.00023
epoch 16 step 3600 loss 0.00019
epoch 16 step 3650 loss 0.00020
epoch 16 step 3700 loss 0.00025
epoch 16 step 3750 loss 0.00021
epoch 16 step 3800 loss 0.00015
epoch 16 step 3850 loss 0.00022
epoch 16 step 3900 loss 0.00036
epoch 16 step 3950 loss 0.00030
epoch 16 step 4000 loss 0.00026
epoch 16 step 4050 loss 0.00022
epoch 16 step 4100 loss 0.00016
epoch 16 step 4150 loss 0.00042
epoch 16 step 4200 loss 0.00044
epoch 16 step 4250 loss 0.00019
epoch 16 step 4300 loss 0.00031
epoch 16 step 4350 loss 0.00035
epoch 16 step 4400 loss 0.00028
epoch 16 step 4450 loss 0.00019
epoch 16 step 4500 loss 0.00028
epoch 16 step 4550 loss 0.00024
epoch 16 step 4600 loss 0.00025
epoch 16 step 4650 loss 0.00036
epoch 16 step 4700 loss 0.00016
epoch 16 step 4750 loss 0.00026
epoch 16 step 4800 loss 0.00019
epoch 16 step 4850 loss 0.00016
epoch 16 step 4900 loss 0.00013
epoch 16 step 4950 loss 0.00023
epoch 16 step 5000 loss 0.00021
epoch 16 step 5050 loss 0.00019
epoch 16 step 5100 loss 0.00019
epoch 16 step 5150 loss 0.00022
epoch 16 step 5200 loss 0.00020
epoch 16 step 5250 loss 0.00021
epoch 16 step 5300 loss 0.00021
epoch 16 step 5350 loss 0.00019
epoch 16 step 5400 loss 0.00022
epoch 16 step 5450 loss 0.00026
epoch 16 step 5500 loss 0.00033
epoch 16 step 5550 loss 0.00027
epoch 16 step 5600 loss 0.00028
epoch 16 step 5650 loss 0.00019
epoch 16 step 5700 loss 0.00022
epoch 16 step 5750 loss 0.00021
epoch 16 step 5800 loss 0.00038
epoch 16 step 5850 loss 0.00036
epoch 16 step 5900 loss 0.00027
epoch 16 step 5950 loss 0.00046
epoch 16 step 6000 loss 0.00023
epoch 16 step 6050 loss 0.00027
epoch 16 step 6100 loss 0.00020
epoch 16 step 6150 loss 0.00021
epoch 16 step 6200 loss 0.00027
epoch 16 step 6250 loss 0.00021
epoch 16 step 6300 loss 0.00019
epoch 16 step 6350 loss 0.00017
epoch 16 step 6400 loss 0.00022
epoch 16 step 6450 loss 0.00019
epoch 16 step 6500 loss 0.00021
epoch 16 step 6550 loss 0.00023
epoch 16 step 6600 loss 0.00025
epoch 16 step 6650 loss 0.00022
epoch 16 step 6700 loss 0.00025
epoch 16 step 6750 loss 0.00022
epoch 16 step 6800 loss 0.00026
epoch 16 step 6850 loss 0.00032
epoch 16 step 6900 loss 0.00023
epoch 16 step 6950 loss 0.00019
epoch 16 step 7000 loss 0.00016
epoch 16 step 7050 loss 0.00017
epoch 16 step 7100 loss 0.00025
epoch 16 step 7150 loss 0.00019
epoch 16 step 7200 loss 0.00013
epoch 16 step 7250 loss 0.00016
epoch 16 step 7300 loss 0.00019
epoch 16 step 7350 loss 0.00031
epoch 16 step 7400 loss 0.00020
epoch 16 step 7450 loss 0.00023
epoch 16 step 7500 loss 0.00035
epoch 16 step 7550 loss 0.00023
epoch 16 step 7600 loss 0.00038
epoch 16 step 7650 loss 0.00023
epoch 16 step 7700 loss 0.00021
epoch 16 step 7750 loss 0.00024
epoch 16 step 7800 loss 0.00028
epoch 16 step 7850 loss 0.00022
epoch 16 step 7900 loss 0.00026
epoch 16 step 7950 loss 0.00017
{'epoch': 16, 'train_loss': 0.00024250410102011918}
{'epoch': 16, 'val_loss': 0.0002060315792693245, 'val_pck01': 0.9981715729604913}
epoch 17 step 0 loss 0.00020
epoch 17 step 50 loss 0.00032
epoch 17 step 100 loss 0.00028
epoch 17 step 150 loss 0.00033
epoch 17 step 200 loss 0.00020
epoch 17 step 250 loss 0.00025
epoch 17 step 300 loss 0.00024
epoch 17 step 350 loss 0.00029
epoch 17 step 400 loss 0.00018
epoch 17 step 450 loss 0.00027
epoch 17 step 500 loss 0.00030
epoch 17 step 550 loss 0.00021
epoch 17 step 600 loss 0.00025
epoch 17 step 650 loss 0.00023
epoch 17 step 700 loss 0.00019
epoch 17 step 750 loss 0.00023
epoch 17 step 800 loss 0.00019
epoch 17 step 850 loss 0.00023
epoch 17 step 900 loss 0.00026
epoch 17 step 950 loss 0.00025
epoch 17 step 1000 loss 0.00021
epoch 17 step 1050 loss 0.00039
epoch 17 step 1100 loss 0.00027
epoch 17 step 1150 loss 0.00023
epoch 17 step 1200 loss 0.00022
epoch 17 step 1250 loss 0.00017
epoch 17 step 1300 loss 0.00021
epoch 17 step 1350 loss 0.00026
epoch 17 step 1400 loss 0.00023
epoch 17 step 1450 loss 0.00023
epoch 17 step 1500 loss 0.00023
epoch 17 step 1550 loss 0.00021
epoch 17 step 1600 loss 0.00017
epoch 17 step 1650 loss 0.00026
epoch 17 step 1700 loss 0.00022
epoch 17 step 1750 loss 0.00021
epoch 17 step 1800 loss 0.00025
epoch 17 step 1850 loss 0.00028
epoch 17 step 1900 loss 0.00022
epoch 17 step 1950 loss 0.00016
epoch 17 step 2000 loss 0.00028
epoch 17 step 2050 loss 0.00030
epoch 17 step 2100 loss 0.00028
epoch 17 step 2150 loss 0.00022
epoch 17 step 2200 loss 0.00020
epoch 17 step 2250 loss 0.00018
epoch 17 step 2300 loss 0.00025
epoch 17 step 2350 loss 0.00029
epoch 17 step 2400 loss 0.00022
epoch 17 step 2450 loss 0.00020
epoch 17 step 2500 loss 0.00026
epoch 17 step 2550 loss 0.00022
epoch 17 step 2600 loss 0.00014
epoch 17 step 2650 loss 0.00025
epoch 17 step 2700 loss 0.00024
epoch 17 step 2750 loss 0.00025
epoch 17 step 2800 loss 0.00025
epoch 17 step 2850 loss 0.00023
epoch 17 step 2900 loss 0.00021
epoch 17 step 2950 loss 0.00019
epoch 17 step 3000 loss 0.00021
epoch 17 step 3050 loss 0.00023
epoch 17 step 3100 loss 0.00022
epoch 17 step 3150 loss 0.00025
epoch 17 step 3200 loss 0.00023
epoch 17 step 3250 loss 0.00018
epoch 17 step 3300 loss 0.00018
epoch 17 step 3350 loss 0.00033
epoch 17 step 3400 loss 0.00031
epoch 17 step 3450 loss 0.00038
epoch 17 step 3500 loss 0.00031
epoch 17 step 3550 loss 0.00033
epoch 17 step 3600 loss 0.00021
epoch 17 step 3650 loss 0.00024
epoch 17 step 3700 loss 0.00014
epoch 17 step 3750 loss 0.00024
epoch 17 step 3800 loss 0.00022
epoch 17 step 3850 loss 0.00018
epoch 17 step 3900 loss 0.00022
epoch 17 step 3950 loss 0.00021
epoch 17 step 4000 loss 0.00017
epoch 17 step 4050 loss 0.00026
epoch 17 step 4100 loss 0.00022
epoch 17 step 4150 loss 0.00016
epoch 17 step 4200 loss 0.00021
epoch 17 step 4250 loss 0.00028
epoch 17 step 4300 loss 0.00021
epoch 17 step 4350 loss 0.00016
epoch 17 step 4400 loss 0.00020
epoch 17 step 4450 loss 0.00018
epoch 17 step 4500 loss 0.00026
epoch 17 step 4550 loss 0.00027
epoch 17 step 4600 loss 0.00026
epoch 17 step 4650 loss 0.00031
epoch 17 step 4700 loss 0.00017
epoch 17 step 4750 loss 0.00018
epoch 17 step 4800 loss 0.00013
epoch 17 step 4850 loss 0.00036
epoch 17 step 4900 loss 0.00030
epoch 17 step 4950 loss 0.00013
epoch 17 step 5000 loss 0.00021
epoch 17 step 5050 loss 0.00018
epoch 17 step 5100 loss 0.00018
epoch 17 step 5150 loss 0.00033
epoch 17 step 5200 loss 0.00028
epoch 17 step 5250 loss 0.00033
epoch 17 step 5300 loss 0.00031
epoch 17 step 5350 loss 0.00022
epoch 17 step 5400 loss 0.00020
epoch 17 step 5450 loss 0.00020
epoch 17 step 5500 loss 0.00025
epoch 17 step 5550 loss 0.00019
epoch 17 step 5600 loss 0.00021
epoch 17 step 5650 loss 0.00023
epoch 17 step 5700 loss 0.00025
epoch 17 step 5750 loss 0.00029
epoch 17 step 5800 loss 0.00022
epoch 17 step 5850 loss 0.00029
epoch 17 step 5900 loss 0.00027
epoch 17 step 5950 loss 0.00023
epoch 17 step 6000 loss 0.00016
epoch 17 step 6050 loss 0.00026
epoch 17 step 6100 loss 0.00022
epoch 17 step 6150 loss 0.00021
epoch 17 step 6200 loss 0.00026
epoch 17 step 6250 loss 0.00025
epoch 17 step 6300 loss 0.00032
epoch 17 step 6350 loss 0.00017
epoch 17 step 6400 loss 0.00023
epoch 17 step 6450 loss 0.00017
epoch 17 step 6500 loss 0.00020
epoch 17 step 6550 loss 0.00022
epoch 17 step 6600 loss 0.00020
epoch 17 step 6650 loss 0.00024
epoch 17 step 6700 loss 0.00016
epoch 17 step 6750 loss 0.00024
epoch 17 step 6800 loss 0.00019
epoch 17 step 6850 loss 0.00019
epoch 17 step 6900 loss 0.00023
epoch 17 step 6950 loss 0.00025
epoch 17 step 7000 loss 0.00019
epoch 17 step 7050 loss 0.00016
epoch 17 step 7100 loss 0.00030
epoch 17 step 7150 loss 0.00032
epoch 17 step 7200 loss 0.00034
epoch 17 step 7250 loss 0.00018
epoch 17 step 7300 loss 0.00028
epoch 17 step 7350 loss 0.00017
epoch 17 step 7400 loss 0.00023
epoch 17 step 7450 loss 0.00024
epoch 17 step 7500 loss 0.00021
epoch 17 step 7550 loss 0.00015
epoch 17 step 7600 loss 0.00043
epoch 17 step 7650 loss 0.00038
epoch 17 step 7700 loss 0.00021
epoch 17 step 7750 loss 0.00031
epoch 17 step 7800 loss 0.00031
epoch 17 step 7850 loss 0.00017
epoch 17 step 7900 loss 0.00015
epoch 17 step 7950 loss 0.00014
{'epoch': 17, 'train_loss': 0.00024130765316611433}
epoch 18 step 0 loss 0.00021
epoch 18 step 50 loss 0.00024
epoch 18 step 100 loss 0.00021
epoch 18 step 150 loss 0.00022
epoch 18 step 200 loss 0.00021
epoch 18 step 250 loss 0.00022
epoch 18 step 300 loss 0.00025
epoch 18 step 350 loss 0.00021
epoch 18 step 400 loss 0.00025
epoch 18 step 450 loss 0.00015
epoch 18 step 500 loss 0.00029
epoch 18 step 550 loss 0.00018
epoch 18 step 600 loss 0.00019
epoch 18 step 650 loss 0.00032
epoch 18 step 700 loss 0.00030
epoch 18 step 750 loss 0.00023
epoch 18 step 800 loss 0.00015
epoch 18 step 850 loss 0.00022
epoch 18 step 900 loss 0.00025
epoch 18 step 950 loss 0.00028
epoch 18 step 1000 loss 0.00023
epoch 18 step 1050 loss 0.00018
epoch 18 step 1100 loss 0.00013
epoch 18 step 1150 loss 0.00013
epoch 18 step 1200 loss 0.00026
epoch 18 step 1250 loss 0.00024
epoch 18 step 1300 loss 0.00022
epoch 18 step 1350 loss 0.00026
epoch 18 step 1400 loss 0.00023
epoch 18 step 1450 loss 0.00030
epoch 18 step 1500 loss 0.00026
epoch 18 step 1550 loss 0.00022
epoch 18 step 1600 loss 0.00024
epoch 18 step 1650 loss 0.00022
epoch 18 step 1700 loss 0.00016
epoch 18 step 1750 loss 0.00019
epoch 18 step 1800 loss 0.00021
epoch 18 step 1850 loss 0.00018
epoch 18 step 1900 loss 0.00028
epoch 18 step 1950 loss 0.00015
epoch 18 step 2000 loss 0.00027
epoch 18 step 2050 loss 0.00032
epoch 18 step 2100 loss 0.00037
epoch 18 step 2150 loss 0.00018
epoch 18 step 2200 loss 0.00030
epoch 18 step 2250 loss 0.00032
epoch 18 step 2300 loss 0.00025
epoch 18 step 2350 loss 0.00036
epoch 18 step 2400 loss 0.00022
epoch 18 step 2450 loss 0.00026
epoch 18 step 2500 loss 0.00035
epoch 18 step 2550 loss 0.00022
epoch 18 step 2600 loss 0.00020
epoch 18 step 2650 loss 0.00018
epoch 18 step 2700 loss 0.00015
epoch 18 step 2750 loss 0.00024
epoch 18 step 2800 loss 0.00014
epoch 18 step 2850 loss 0.00022
epoch 18 step 2900 loss 0.00023
epoch 18 step 2950 loss 0.00021
epoch 18 step 3000 loss 0.00029
epoch 18 step 3050 loss 0.00034
epoch 18 step 3100 loss 0.00025
epoch 18 step 3150 loss 0.00020
epoch 18 step 3200 loss 0.00035
epoch 18 step 3250 loss 0.00017
epoch 18 step 3300 loss 0.00018
epoch 18 step 3350 loss 0.00032
epoch 18 step 3400 loss 0.00029
epoch 18 step 3450 loss 0.00027
epoch 18 step 3500 loss 0.00015
epoch 18 step 3550 loss 0.00018
epoch 18 step 3600 loss 0.00033
epoch 18 step 3650 loss 0.00033
epoch 18 step 3700 loss 0.00024
epoch 18 step 3750 loss 0.00022
epoch 18 step 3800 loss 0.00050
epoch 18 step 3850 loss 0.00025
epoch 18 step 3900 loss 0.00025
epoch 18 step 3950 loss 0.00040
epoch 18 step 4000 loss 0.00017
epoch 18 step 4050 loss 0.00025
epoch 18 step 4100 loss 0.00023
epoch 18 step 4150 loss 0.00022
epoch 18 step 4200 loss 0.00032
epoch 18 step 4250 loss 0.00018
epoch 18 step 4300 loss 0.00038
epoch 18 step 4350 loss 0.00017
epoch 18 step 4400 loss 0.00021
epoch 18 step 4450 loss 0.00021
epoch 18 step 4500 loss 0.00027
epoch 18 step 4550 loss 0.00030
epoch 18 step 4600 loss 0.00022
epoch 18 step 4650 loss 0.00039
epoch 18 step 4700 loss 0.00026
epoch 18 step 4750 loss 0.00018
epoch 18 step 4800 loss 0.00028
epoch 18 step 4850 loss 0.00018
epoch 18 step 4900 loss 0.00024
epoch 18 step 4950 loss 0.00017
epoch 18 step 5000 loss 0.00036
epoch 18 step 5050 loss 0.00017
epoch 18 step 5100 loss 0.00017
epoch 18 step 5150 loss 0.00024
epoch 18 step 5200 loss 0.00020
epoch 18 step 5250 loss 0.00028
epoch 18 step 5300 loss 0.00017
epoch 18 step 5350 loss 0.00016
epoch 18 step 5400 loss 0.00020
epoch 18 step 5450 loss 0.00019
epoch 18 step 5500 loss 0.00018
epoch 18 step 5550 loss 0.00022
epoch 18 step 5600 loss 0.00016
epoch 18 step 5650 loss 0.00021
epoch 18 step 5700 loss 0.00017
epoch 18 step 5750 loss 0.00017
epoch 18 step 5800 loss 0.00022
epoch 18 step 5850 loss 0.00020
epoch 18 step 5900 loss 0.00017
epoch 18 step 5950 loss 0.00031
epoch 18 step 6000 loss 0.00026
epoch 18 step 6050 loss 0.00020
epoch 18 step 6100 loss 0.00028
epoch 18 step 6150 loss 0.00016
epoch 18 step 6200 loss 0.00018
epoch 18 step 6250 loss 0.00050
epoch 18 step 6300 loss 0.00020
epoch 18 step 6350 loss 0.00018
epoch 18 step 6400 loss 0.00021
epoch 18 step 6450 loss 0.00017
epoch 18 step 6500 loss 0.00020
epoch 18 step 6550 loss 0.00019
epoch 18 step 6600 loss 0.00019
epoch 18 step 6650 loss 0.00036
epoch 18 step 6700 loss 0.00019
epoch 18 step 6750 loss 0.00029
epoch 18 step 6800 loss 0.00023
epoch 18 step 6850 loss 0.00029
epoch 18 step 6900 loss 0.00023
epoch 18 step 6950 loss 0.00028
epoch 18 step 7000 loss 0.00017
epoch 18 step 7050 loss 0.00020
epoch 18 step 7100 loss 0.00041
epoch 18 step 7150 loss 0.00025
epoch 18 step 7200 loss 0.00023
epoch 18 step 7250 loss 0.00024
epoch 18 step 7300 loss 0.00018
epoch 18 step 7350 loss 0.00023
epoch 18 step 7400 loss 0.00023
epoch 18 step 7450 loss 0.00017
epoch 18 step 7500 loss 0.00042
epoch 18 step 7550 loss 0.00030
epoch 18 step 7600 loss 0.00026
epoch 18 step 7650 loss 0.00023
epoch 18 step 7700 loss 0.00025
epoch 18 step 7750 loss 0.00018
epoch 18 step 7800 loss 0.00022
epoch 18 step 7850 loss 0.00023
epoch 18 step 7900 loss 0.00015
epoch 18 step 7950 loss 0.00024
{'epoch': 18, 'train_loss': 0.0002390554430327924}
{'epoch': 18, 'val_loss': 0.00020404575817489282, 'val_pck01': 0.9982151153461323}
epoch 19 step 0 loss 0.00020
epoch 19 step 50 loss 0.00024
epoch 19 step 100 loss 0.00017
epoch 19 step 150 loss 0.00018
epoch 19 step 200 loss 0.00019
epoch 19 step 250 loss 0.00024
epoch 19 step 300 loss 0.00021
epoch 19 step 350 loss 0.00018
epoch 19 step 400 loss 0.00022
epoch 19 step 450 loss 0.00017
epoch 19 step 500 loss 0.00021
epoch 19 step 550 loss 0.00018
epoch 19 step 600 loss 0.00024
epoch 19 step 650 loss 0.00024
epoch 19 step 700 loss 0.00031
epoch 19 step 750 loss 0.00018
epoch 19 step 800 loss 0.00019
epoch 19 step 850 loss 0.00021
epoch 19 step 900 loss 0.00033
epoch 19 step 950 loss 0.00029
epoch 19 step 1000 loss 0.00024
epoch 19 step 1050 loss 0.00024
epoch 19 step 1100 loss 0.00020
epoch 19 step 1150 loss 0.00027
epoch 19 step 1200 loss 0.00019
epoch 19 step 1250 loss 0.00029
epoch 19 step 1300 loss 0.00019
epoch 19 step 1350 loss 0.00026
epoch 19 step 1400 loss 0.00032
epoch 19 step 1450 loss 0.00021
epoch 19 step 1500 loss 0.00028
epoch 19 step 1550 loss 0.00028
epoch 19 step 1600 loss 0.00017
epoch 19 step 1650 loss 0.00023
epoch 19 step 1700 loss 0.00035
epoch 19 step 1750 loss 0.00031
epoch 19 step 1800 loss 0.00022
epoch 19 step 1850 loss 0.00020
epoch 19 step 1900 loss 0.00022
epoch 19 step 1950 loss 0.00023
epoch 19 step 2000 loss 0.00026
epoch 19 step 2050 loss 0.00027
epoch 19 step 2100 loss 0.00018
epoch 19 step 2150 loss 0.00036
epoch 19 step 2200 loss 0.00016
epoch 19 step 2250 loss 0.00024
epoch 19 step 2300 loss 0.00014
epoch 19 step 2350 loss 0.00024
epoch 19 step 2400 loss 0.00023
epoch 19 step 2450 loss 0.00025
epoch 19 step 2500 loss 0.00018
epoch 19 step 2550 loss 0.00015
epoch 19 step 2600 loss 0.00034
epoch 19 step 2650 loss 0.00018
epoch 19 step 2700 loss 0.00022
epoch 19 step 2750 loss 0.00024
epoch 19 step 2800 loss 0.00023
epoch 19 step 2850 loss 0.00022
epoch 19 step 2900 loss 0.00019
epoch 19 step 2950 loss 0.00041
epoch 19 step 3000 loss 0.00017
epoch 19 step 3050 loss 0.00027
epoch 19 step 3100 loss 0.00024
epoch 19 step 3150 loss 0.00024
epoch 19 step 3200 loss 0.00020
epoch 19 step 3250 loss 0.00023
epoch 19 step 3300 loss 0.00018
epoch 19 step 3350 loss 0.00018
epoch 19 step 3400 loss 0.00023
epoch 19 step 3450 loss 0.00033
epoch 19 step 3500 loss 0.00035
epoch 19 step 3550 loss 0.00023
epoch 19 step 3600 loss 0.00023
epoch 19 step 3650 loss 0.00032
epoch 19 step 3700 loss 0.00024
epoch 19 step 3750 loss 0.00016
epoch 19 step 3800 loss 0.00026
epoch 19 step 3850 loss 0.00034
epoch 19 step 3900 loss 0.00036
epoch 19 step 3950 loss 0.00016
epoch 19 step 4000 loss 0.00020
epoch 19 step 4050 loss 0.00022
epoch 19 step 4100 loss 0.00022
epoch 19 step 4150 loss 0.00029
epoch 19 step 4200 loss 0.00022
epoch 19 step 4250 loss 0.00021
epoch 19 step 4300 loss 0.00022
epoch 19 step 4350 loss 0.00024
epoch 19 step 4400 loss 0.00021
epoch 19 step 4450 loss 0.00021
epoch 19 step 4500 loss 0.00022
epoch 19 step 4550 loss 0.00035
epoch 19 step 4600 loss 0.00021
epoch 19 step 4650 loss 0.00027
epoch 19 step 4700 loss 0.00019
epoch 19 step 4750 loss 0.00017
epoch 19 step 4800 loss 0.00031
epoch 19 step 4850 loss 0.00018
epoch 19 step 4900 loss 0.00017
epoch 19 step 4950 loss 0.00019
epoch 19 step 5000 loss 0.00026
epoch 19 step 5050 loss 0.00023
epoch 19 step 5100 loss 0.00019
epoch 19 step 5150 loss 0.00022
epoch 19 step 5200 loss 0.00027
epoch 19 step 5250 loss 0.00021
epoch 19 step 5300 loss 0.00025
epoch 19 step 5350 loss 0.00029
epoch 19 step 5400 loss 0.00023
epoch 19 step 5450 loss 0.00017
epoch 19 step 5500 loss 0.00019
epoch 19 step 5550 loss 0.00016
epoch 19 step 5600 loss 0.00020
epoch 19 step 5650 loss 0.00020
epoch 19 step 5700 loss 0.00021
epoch 19 step 5750 loss 0.00021
epoch 19 step 5800 loss 0.00019
epoch 19 step 5850 loss 0.00027
epoch 19 step 5900 loss 0.00016
epoch 19 step 5950 loss 0.00023
epoch 19 step 6000 loss 0.00022
epoch 19 step 6050 loss 0.00015
epoch 19 step 6100 loss 0.00022
epoch 19 step 6150 loss 0.00026
epoch 19 step 6200 loss 0.00016
epoch 19 step 6250 loss 0.00022
epoch 19 step 6300 loss 0.00017
epoch 19 step 6350 loss 0.00019
epoch 19 step 6400 loss 0.00024
epoch 19 step 6450 loss 0.00026
epoch 19 step 6500 loss 0.00022
epoch 19 step 6550 loss 0.00025
epoch 19 step 6600 loss 0.00021
epoch 19 step 6650 loss 0.00020
epoch 19 step 6700 loss 0.00020
epoch 19 step 6750 loss 0.00023
epoch 19 step 6800 loss 0.00021
epoch 19 step 6850 loss 0.00032
epoch 19 step 6900 loss 0.00041
epoch 19 step 6950 loss 0.00024
epoch 19 step 7000 loss 0.00021
epoch 19 step 7050 loss 0.00021
epoch 19 step 7100 loss 0.00024
epoch 19 step 7150 loss 0.00022
epoch 19 step 7200 loss 0.00029
epoch 19 step 7250 loss 0.00024
epoch 19 step 7300 loss 0.00023
epoch 19 step 7350 loss 0.00028
epoch 19 step 7400 loss 0.00023
epoch 19 step 7450 loss 0.00037
epoch 19 step 7500 loss 0.00029
epoch 19 step 7550 loss 0.00022
epoch 19 step 7600 loss 0.00019
epoch 19 step 7650 loss 0.00017
epoch 19 step 7700 loss 0.00033
epoch 19 step 7750 loss 0.00024
epoch 19 step 7800 loss 0.00034
epoch 19 step 7850 loss 0.00023
epoch 19 step 7900 loss 0.00023
epoch 19 step 7950 loss 0.00024
{'epoch': 19, 'train_loss': 0.00023824843793941898}
epoch 20 step 0 loss 0.00032
epoch 20 step 50 loss 0.00020
epoch 20 step 100 loss 0.00026
epoch 20 step 150 loss 0.00017
epoch 20 step 200 loss 0.00020
epoch 20 step 250 loss 0.00016
epoch 20 step 300 loss 0.00035
epoch 20 step 350 loss 0.00018
epoch 20 step 400 loss 0.00032
epoch 20 step 450 loss 0.00032
epoch 20 step 500 loss 0.00026
epoch 20 step 550 loss 0.00018
epoch 20 step 600 loss 0.00021
epoch 20 step 650 loss 0.00020
epoch 20 step 700 loss 0.00018
epoch 20 step 750 loss 0.00025
epoch 20 step 800 loss 0.00024
epoch 20 step 850 loss 0.00019
epoch 20 step 900 loss 0.00018
epoch 20 step 950 loss 0.00039
epoch 20 step 1000 loss 0.00033
epoch 20 step 1050 loss 0.00018
epoch 20 step 1100 loss 0.00015
epoch 20 step 1150 loss 0.00027
epoch 20 step 1200 loss 0.00024
epoch 20 step 1250 loss 0.00027
epoch 20 step 1300 loss 0.00022
epoch 20 step 1350 loss 0.00021
epoch 20 step 1400 loss 0.00023
epoch 20 step 1450 loss 0.00022
epoch 20 step 1500 loss 0.00024
epoch 20 step 1550 loss 0.00016
epoch 20 step 1600 loss 0.00018
epoch 20 step 1650 loss 0.00033
epoch 20 step 1700 loss 0.00017
epoch 20 step 1750 loss 0.00031
epoch 20 step 1800 loss 0.00032
epoch 20 step 1850 loss 0.00026
epoch 20 step 1900 loss 0.00025
epoch 20 step 1950 loss 0.00021
epoch 20 step 2000 loss 0.00022
epoch 20 step 2050 loss 0.00028
epoch 20 step 2100 loss 0.00022
epoch 20 step 2150 loss 0.00020
epoch 20 step 2200 loss 0.00019
epoch 20 step 2250 loss 0.00035
epoch 20 step 2300 loss 0.00028
epoch 20 step 2350 loss 0.00031
epoch 20 step 2400 loss 0.00032
epoch 20 step 2450 loss 0.00036
epoch 20 step 2500 loss 0.00027
epoch 20 step 2550 loss 0.00022
epoch 20 step 2600 loss 0.00021
epoch 20 step 2650 loss 0.00015
epoch 20 step 2700 loss 0.00023
epoch 20 step 2750 loss 0.00022
epoch 20 step 2800 loss 0.00018
epoch 20 step 2850 loss 0.00028
epoch 20 step 2900 loss 0.00023
epoch 20 step 2950 loss 0.00018
epoch 20 step 3000 loss 0.00015
epoch 20 step 3050 loss 0.00024
epoch 20 step 3100 loss 0.00017
epoch 20 step 3150 loss 0.00025
epoch 20 step 3200 loss 0.00019
epoch 20 step 3250 loss 0.00024
epoch 20 step 3300 loss 0.00019
epoch 20 step 3350 loss 0.00021
epoch 20 step 3400 loss 0.00044
epoch 20 step 3450 loss 0.00015
epoch 20 step 3500 loss 0.00016
epoch 20 step 3550 loss 0.00024
epoch 20 step 3600 loss 0.00020
epoch 20 step 3650 loss 0.00019
epoch 20 step 3700 loss 0.00022
epoch 20 step 3750 loss 0.00044
epoch 20 step 3800 loss 0.00015
epoch 20 step 3850 loss 0.00021
epoch 20 step 3900 loss 0.00017
epoch 20 step 3950 loss 0.00033
epoch 20 step 4000 loss 0.00025
epoch 20 step 4050 loss 0.00039
epoch 20 step 4100 loss 0.00017
epoch 20 step 4150 loss 0.00024
epoch 20 step 4200 loss 0.00017
epoch 20 step 4250 loss 0.00015
epoch 20 step 4300 loss 0.00026
epoch 20 step 4350 loss 0.00020
epoch 20 step 4400 loss 0.00020
epoch 20 step 4450 loss 0.00016
epoch 20 step 4500 loss 0.00030
epoch 20 step 4550 loss 0.00031
epoch 20 step 4600 loss 0.00021
epoch 20 step 4650 loss 0.00038
epoch 20 step 4700 loss 0.00026
epoch 20 step 4750 loss 0.00038
epoch 20 step 4800 loss 0.00020
epoch 20 step 4850 loss 0.00022
epoch 20 step 4900 loss 0.00035
epoch 20 step 4950 loss 0.00018
epoch 20 step 5000 loss 0.00028
epoch 20 step 5050 loss 0.00025
epoch 20 step 5100 loss 0.00027
epoch 20 step 5150 loss 0.00025
epoch 20 step 5200 loss 0.00034
epoch 20 step 5250 loss 0.00024
epoch 20 step 5300 loss 0.00016
epoch 20 step 5350 loss 0.00020
epoch 20 step 5400 loss 0.00021
epoch 20 step 5450 loss 0.00021
epoch 20 step 5500 loss 0.00021
epoch 20 step 5550 loss 0.00023
epoch 20 step 5600 loss 0.00032
epoch 20 step 5650 loss 0.00036
epoch 20 step 5700 loss 0.00022
epoch 20 step 5750 loss 0.00022
epoch 20 step 5800 loss 0.00018
epoch 20 step 5850 loss 0.00022
epoch 20 step 5900 loss 0.00020
epoch 20 step 5950 loss 0.00025
epoch 20 step 6000 loss 0.00035
epoch 20 step 6050 loss 0.00022
epoch 20 step 6100 loss 0.00026
epoch 20 step 6150 loss 0.00017
epoch 20 step 6200 loss 0.00018
epoch 20 step 6250 loss 0.00051
epoch 20 step 6300 loss 0.00026
epoch 20 step 6350 loss 0.00023
epoch 20 step 6400 loss 0.00026
epoch 20 step 6450 loss 0.00039
epoch 20 step 6500 loss 0.00019
epoch 20 step 6550 loss 0.00026
epoch 20 step 6600 loss 0.00025
epoch 20 step 6650 loss 0.00025
epoch 20 step 6700 loss 0.00023
epoch 20 step 6750 loss 0.00028
epoch 20 step 6800 loss 0.00027
epoch 20 step 6850 loss 0.00027
epoch 20 step 6900 loss 0.00033
epoch 20 step 6950 loss 0.00021
epoch 20 step 7000 loss 0.00028
epoch 20 step 7050 loss 0.00031
epoch 20 step 7100 loss 0.00018
epoch 20 step 7150 loss 0.00024
epoch 20 step 7200 loss 0.00018
epoch 20 step 7250 loss 0.00026
epoch 20 step 7300 loss 0.00025
epoch 20 step 7350 loss 0.00015
epoch 20 step 7400 loss 0.00026
epoch 20 step 7450 loss 0.00017
epoch 20 step 7500 loss 0.00018
epoch 20 step 7550 loss 0.00034
epoch 20 step 7600 loss 0.00019
epoch 20 step 7650 loss 0.00026
epoch 20 step 7700 loss 0.00018
epoch 20 step 7750 loss 0.00017
epoch 20 step 7800 loss 0.00025
epoch 20 step 7850 loss 0.00026
epoch 20 step 7900 loss 0.00018
epoch 20 step 7950 loss 0.00026
{'epoch': 20, 'train_loss': 0.00023805531425269473}
{'epoch': 20, 'val_loss': 0.00020343083620521816, 'val_pck01': 0.9980895607854592}
epoch 21 step 0 loss 0.00018
epoch 21 step 50 loss 0.00017
epoch 21 step 100 loss 0.00022
epoch 21 step 150 loss 0.00019
epoch 21 step 200 loss 0.00021
epoch 21 step 250 loss 0.00036
epoch 21 step 300 loss 0.00035
epoch 21 step 350 loss 0.00020
epoch 21 step 400 loss 0.00029
epoch 21 step 450 loss 0.00026
epoch 21 step 500 loss 0.00020
epoch 21 step 550 loss 0.00020
epoch 21 step 600 loss 0.00021
epoch 21 step 650 loss 0.00036
epoch 21 step 700 loss 0.00018
epoch 21 step 750 loss 0.00019
epoch 21 step 800 loss 0.00029
epoch 21 step 850 loss 0.00020
epoch 21 step 900 loss 0.00019
epoch 21 step 950 loss 0.00035
epoch 21 step 1000 loss 0.00019
epoch 21 step 1050 loss 0.00038
epoch 21 step 1100 loss 0.00021
epoch 21 step 1150 loss 0.00023
epoch 21 step 1200 loss 0.00020
epoch 21 step 1250 loss 0.00020
epoch 21 step 1300 loss 0.00038
epoch 21 step 1350 loss 0.00026
epoch 21 step 1400 loss 0.00016
epoch 21 step 1450 loss 0.00030
epoch 21 step 1500 loss 0.00024
epoch 21 step 1550 loss 0.00028
epoch 21 step 1600 loss 0.00018
epoch 21 step 1650 loss 0.00027
epoch 21 step 1700 loss 0.00022
epoch 21 step 1750 loss 0.00027
epoch 21 step 1800 loss 0.00020
epoch 21 step 1850 loss 0.00029
epoch 21 step 1900 loss 0.00015
epoch 21 step 1950 loss 0.00022
epoch 21 step 2000 loss 0.00027
epoch 21 step 2050 loss 0.00022
epoch 21 step 2100 loss 0.00016
epoch 21 step 2150 loss 0.00042
epoch 21 step 2200 loss 0.00028
epoch 21 step 2250 loss 0.00037
epoch 21 step 2300 loss 0.00017
epoch 21 step 2350 loss 0.00022
epoch 21 step 2400 loss 0.00030
epoch 21 step 2450 loss 0.00024
epoch 21 step 2500 loss 0.00017
epoch 21 step 2550 loss 0.00027
epoch 21 step 2600 loss 0.00024
epoch 21 step 2650 loss 0.00021
epoch 21 step 2700 loss 0.00024
epoch 21 step 2750 loss 0.00028
epoch 21 step 2800 loss 0.00023
epoch 21 step 2850 loss 0.00037
epoch 21 step 2900 loss 0.00030
epoch 21 step 2950 loss 0.00023
epoch 21 step 3000 loss 0.00027
epoch 21 step 3050 loss 0.00023
epoch 21 step 3100 loss 0.00049
epoch 21 step 3150 loss 0.00026
epoch 21 step 3200 loss 0.00017
epoch 21 step 3250 loss 0.00017
epoch 21 step 3300 loss 0.00021
epoch 21 step 3350 loss 0.00023
epoch 21 step 3400 loss 0.00023
epoch 21 step 3450 loss 0.00027
epoch 21 step 3500 loss 0.00027
epoch 21 step 3550 loss 0.00024
epoch 21 step 3600 loss 0.00018
epoch 21 step 3650 loss 0.00032
epoch 21 step 3700 loss 0.00023
epoch 21 step 3750 loss 0.00019
epoch 21 step 3800 loss 0.00028
epoch 21 step 3850 loss 0.00034
epoch 21 step 3900 loss 0.00029
epoch 21 step 3950 loss 0.00025
epoch 21 step 4000 loss 0.00021
epoch 21 step 4050 loss 0.00032
epoch 21 step 4100 loss 0.00019
epoch 21 step 4150 loss 0.00015
epoch 21 step 4200 loss 0.00020
epoch 21 step 4250 loss 0.00018
epoch 21 step 4300 loss 0.00035
epoch 21 step 4350 loss 0.00017
epoch 21 step 4400 loss 0.00019
epoch 21 step 4450 loss 0.00017
epoch 21 step 4500 loss 0.00018
epoch 21 step 4550 loss 0.00021
epoch 21 step 4600 loss 0.00019
epoch 21 step 4650 loss 0.00022
epoch 21 step 4700 loss 0.00033
epoch 21 step 4750 loss 0.00026
epoch 21 step 4800 loss 0.00025
epoch 21 step 4850 loss 0.00022
epoch 21 step 4900 loss 0.00018
epoch 21 step 4950 loss 0.00019
epoch 21 step 5000 loss 0.00028
epoch 21 step 5050 loss 0.00015
epoch 21 step 5100 loss 0.00032
epoch 21 step 5150 loss 0.00026
epoch 21 step 5200 loss 0.00024
epoch 21 step 5250 loss 0.00018
epoch 21 step 5300 loss 0.00017
epoch 21 step 5350 loss 0.00022
epoch 21 step 5400 loss 0.00027
epoch 21 step 5450 loss 0.00031
epoch 21 step 5500 loss 0.00026
epoch 21 step 5550 loss 0.00023
epoch 21 step 5600 loss 0.00017
epoch 21 step 5650 loss 0.00025
epoch 21 step 5700 loss 0.00030
epoch 21 step 5750 loss 0.00022
epoch 21 step 5800 loss 0.00030
epoch 21 step 5850 loss 0.00020
epoch 21 step 5900 loss 0.00022
epoch 21 step 5950 loss 0.00021
epoch 21 step 6000 loss 0.00018
epoch 21 step 6050 loss 0.00026
epoch 21 step 6100 loss 0.00017
epoch 21 step 6150 loss 0.00016
epoch 21 step 6200 loss 0.00017
epoch 21 step 6250 loss 0.00035
epoch 21 step 6300 loss 0.00016
epoch 21 step 6350 loss 0.00018
epoch 21 step 6400 loss 0.00025
epoch 21 step 6450 loss 0.00017
epoch 21 step 6500 loss 0.00024
epoch 21 step 6550 loss 0.00025
epoch 21 step 6600 loss 0.00022
epoch 21 step 6650 loss 0.00014
epoch 21 step 6700 loss 0.00022
epoch 21 step 6750 loss 0.00018
epoch 21 step 6800 loss 0.00026
epoch 21 step 6850 loss 0.00028
epoch 21 step 6900 loss 0.00025
epoch 21 step 6950 loss 0.00027
epoch 21 step 7000 loss 0.00017
epoch 21 step 7050 loss 0.00017
epoch 21 step 7100 loss 0.00016
epoch 21 step 7150 loss 0.00019
epoch 21 step 7200 loss 0.00042
epoch 21 step 7250 loss 0.00021
epoch 21 step 7300 loss 0.00031
epoch 21 step 7350 loss 0.00025
epoch 21 step 7400 loss 0.00018
epoch 21 step 7450 loss 0.00032
epoch 21 step 7500 loss 0.00024
epoch 21 step 7550 loss 0.00026
epoch 21 step 7600 loss 0.00023
epoch 21 step 7650 loss 0.00019
epoch 21 step 7700 loss 0.00018
epoch 21 step 7750 loss 0.00012
epoch 21 step 7800 loss 0.00022
epoch 21 step 7850 loss 0.00015
epoch 21 step 7900 loss 0.00019
epoch 21 step 7950 loss 0.00018
{'epoch': 21, 'train_loss': 0.00023661955485890769}
epoch 22 step 0 loss 0.00030
epoch 22 step 50 loss 0.00015
epoch 22 step 100 loss 0.00020
epoch 22 step 150 loss 0.00027
epoch 22 step 200 loss 0.00019
epoch 22 step 250 loss 0.00021
epoch 22 step 300 loss 0.00020
epoch 22 step 350 loss 0.00022
epoch 22 step 400 loss 0.00019
epoch 22 step 450 loss 0.00027
epoch 22 step 500 loss 0.00018
epoch 22 step 550 loss 0.00028
epoch 22 step 600 loss 0.00030
epoch 22 step 650 loss 0.00026
epoch 22 step 700 loss 0.00028
epoch 22 step 750 loss 0.00032
epoch 22 step 800 loss 0.00024
epoch 22 step 850 loss 0.00020
epoch 22 step 900 loss 0.00023
epoch 22 step 950 loss 0.00016
epoch 22 step 1000 loss 0.00025
epoch 22 step 1050 loss 0.00019
epoch 22 step 1100 loss 0.00024
epoch 22 step 1150 loss 0.00020
epoch 22 step 1200 loss 0.00016
epoch 22 step 1250 loss 0.00024
epoch 22 step 1300 loss 0.00027
epoch 22 step 1350 loss 0.00018
epoch 22 step 1400 loss 0.00021
epoch 22 step 1450 loss 0.00026
epoch 22 step 1500 loss 0.00019
epoch 22 step 1550 loss 0.00036
epoch 22 step 1600 loss 0.00025
epoch 22 step 1650 loss 0.00027
epoch 22 step 1700 loss 0.00023
epoch 22 step 1750 loss 0.00025
epoch 22 step 1800 loss 0.00018
epoch 22 step 1850 loss 0.00027
epoch 22 step 1900 loss 0.00019
epoch 22 step 1950 loss 0.00029
epoch 22 step 2000 loss 0.00025
epoch 22 step 2050 loss 0.00019
epoch 22 step 2100 loss 0.00018
epoch 22 step 2150 loss 0.00022
epoch 22 step 2200 loss 0.00040
epoch 22 step 2250 loss 0.00025
epoch 22 step 2300 loss 0.00022
epoch 22 step 2350 loss 0.00031
epoch 22 step 2400 loss 0.00019
epoch 22 step 2450 loss 0.00020
epoch 22 step 2500 loss 0.00016
epoch 22 step 2550 loss 0.00022
epoch 22 step 2600 loss 0.00015
epoch 22 step 2650 loss 0.00027
epoch 22 step 2700 loss 0.00026
epoch 22 step 2750 loss 0.00026
epoch 22 step 2800 loss 0.00015
epoch 22 step 2850 loss 0.00021
epoch 22 step 2900 loss 0.00037
epoch 22 step 2950 loss 0.00029
epoch 22 step 3000 loss 0.00020
epoch 22 step 3050 loss 0.00028
epoch 22 step 3100 loss 0.00021
epoch 22 step 3150 loss 0.00022
epoch 22 step 3200 loss 0.00031
epoch 22 step 3250 loss 0.00019
epoch 22 step 3300 loss 0.00022
epoch 22 step 3350 loss 0.00019
epoch 22 step 3400 loss 0.00017
epoch 22 step 3450 loss 0.00028
epoch 22 step 3500 loss 0.00019
epoch 22 step 3550 loss 0.00034
epoch 22 step 3600 loss 0.00013
epoch 22 step 3650 loss 0.00023
epoch 22 step 3700 loss 0.00026
epoch 22 step 3750 loss 0.00031
epoch 22 step 3800 loss 0.00029
epoch 22 step 3850 loss 0.00022
epoch 22 step 3900 loss 0.00025
epoch 22 step 3950 loss 0.00023
epoch 22 step 4000 loss 0.00018
epoch 22 step 4050 loss 0.00025
epoch 22 step 4100 loss 0.00016
epoch 22 step 4150 loss 0.00018
epoch 22 step 4200 loss 0.00016
epoch 22 step 4250 loss 0.00015
epoch 22 step 4300 loss 0.00019
epoch 22 step 4350 loss 0.00022
epoch 22 step 4400 loss 0.00016
epoch 22 step 4450 loss 0.00017
epoch 22 step 4500 loss 0.00020
epoch 22 step 4550 loss 0.00018
epoch 22 step 4600 loss 0.00016
epoch 22 step 4650 loss 0.00024
epoch 22 step 4700 loss 0.00018
epoch 22 step 4750 loss 0.00022
epoch 22 step 4800 loss 0.00017
epoch 22 step 4850 loss 0.00020
epoch 22 step 4900 loss 0.00021
epoch 22 step 4950 loss 0.00034
epoch 22 step 5000 loss 0.00022
epoch 22 step 5050 loss 0.00023
epoch 22 step 5100 loss 0.00022
epoch 22 step 5150 loss 0.00031
epoch 22 step 5200 loss 0.00014
epoch 22 step 5250 loss 0.00024
epoch 22 step 5300 loss 0.00019
epoch 22 step 5350 loss 0.00023
epoch 22 step 5400 loss 0.00020
epoch 22 step 5450 loss 0.00037
epoch 22 step 5500 loss 0.00022
epoch 22 step 5550 loss 0.00026
epoch 22 step 5600 loss 0.00016
epoch 22 step 5650 loss 0.00028
epoch 22 step 5700 loss 0.00026
epoch 22 step 5750 loss 0.00017
epoch 22 step 5800 loss 0.00025
epoch 22 step 5850 loss 0.00028
epoch 22 step 5900 loss 0.00026
epoch 22 step 5950 loss 0.00022
epoch 22 step 6000 loss 0.00021
epoch 22 step 6050 loss 0.00022
epoch 22 step 6100 loss 0.00018
epoch 22 step 6150 loss 0.00017
epoch 22 step 6200 loss 0.00026
epoch 22 step 6250 loss 0.00026
epoch 22 step 6300 loss 0.00021
epoch 22 step 6350 loss 0.00050
epoch 22 step 6400 loss 0.00026
epoch 22 step 6450 loss 0.00021
epoch 22 step 6500 loss 0.00035
epoch 22 step 6550 loss 0.00018
epoch 22 step 6600 loss 0.00022
epoch 22 step 6650 loss 0.00021
epoch 22 step 6700 loss 0.00019
epoch 22 step 6750 loss 0.00020
epoch 22 step 6800 loss 0.00025
epoch 22 step 6850 loss 0.00040
epoch 22 step 6900 loss 0.00029
epoch 22 step 6950 loss 0.00031
epoch 22 step 7000 loss 0.00023
epoch 22 step 7050 loss 0.00028
epoch 22 step 7100 loss 0.00020
epoch 22 step 7150 loss 0.00019
epoch 22 step 7200 loss 0.00030
epoch 22 step 7250 loss 0.00019
epoch 22 step 7300 loss 0.00020
epoch 22 step 7350 loss 0.00022
epoch 22 step 7400 loss 0.00025
epoch 22 step 7450 loss 0.00021
epoch 22 step 7500 loss 0.00020
epoch 22 step 7550 loss 0.00019
epoch 22 step 7600 loss 0.00027
epoch 22 step 7650 loss 0.00023
epoch 22 step 7700 loss 0.00023
epoch 22 step 7750 loss 0.00041
epoch 22 step 7800 loss 0.00023
epoch 22 step 7850 loss 0.00013
epoch 22 step 7900 loss 0.00031
epoch 22 step 7950 loss 0.00029
{'epoch': 22, 'train_loss': 0.00023372639725076567}
{'epoch': 22, 'val_loss': 0.00020218612995428348, 'val_pck01': 0.9981222845719225}
epoch 23 step 0 loss 0.00035
epoch 23 step 50 loss 0.00018
epoch 23 step 100 loss 0.00023
epoch 23 step 150 loss 0.00017
epoch 23 step 200 loss 0.00017
epoch 23 step 250 loss 0.00029
epoch 23 step 300 loss 0.00021
epoch 23 step 350 loss 0.00021
epoch 23 step 400 loss 0.00021
epoch 23 step 450 loss 0.00020
epoch 23 step 500 loss 0.00022
epoch 23 step 550 loss 0.00016
epoch 23 step 600 loss 0.00019
epoch 23 step 650 loss 0.00023
epoch 23 step 700 loss 0.00020
epoch 23 step 750 loss 0.00031
epoch 23 step 800 loss 0.00018
epoch 23 step 850 loss 0.00026
epoch 23 step 900 loss 0.00021
epoch 23 step 950 loss 0.00022
epoch 23 step 1000 loss 0.00026
epoch 23 step 1050 loss 0.00020
epoch 23 step 1100 loss 0.00021
epoch 23 step 1150 loss 0.00017
epoch 23 step 1200 loss 0.00027
epoch 23 step 1250 loss 0.00021
epoch 23 step 1300 loss 0.00027
epoch 23 step 1350 loss 0.00030
epoch 23 step 1400 loss 0.00021
epoch 23 step 1450 loss 0.00024
epoch 23 step 1500 loss 0.00017
epoch 23 step 1550 loss 0.00020
epoch 23 step 1600 loss 0.00025
epoch 23 step 1650 loss 0.00027
epoch 23 step 1700 loss 0.00030
epoch 23 step 1750 loss 0.00023
epoch 23 step 1800 loss 0.00023
epoch 23 step 1850 loss 0.00013
epoch 23 step 1900 loss 0.00016
epoch 23 step 1950 loss 0.00013
epoch 23 step 2000 loss 0.00018
epoch 23 step 2050 loss 0.00019
epoch 23 step 2100 loss 0.00017
epoch 23 step 2150 loss 0.00019
epoch 23 step 2200 loss 0.00018
epoch 23 step 2250 loss 0.00019
epoch 23 step 2300 loss 0.00036
epoch 23 step 2350 loss 0.00035
epoch 23 step 2400 loss 0.00033
epoch 23 step 2450 loss 0.00016
epoch 23 step 2500 loss 0.00016
epoch 23 step 2550 loss 0.00025
epoch 23 step 2600 loss 0.00023
epoch 23 step 2650 loss 0.00021
epoch 23 step 2700 loss 0.00014
epoch 23 step 2750 loss 0.00019
epoch 23 step 2800 loss 0.00023
epoch 23 step 2850 loss 0.00029
epoch 23 step 2900 loss 0.00031
epoch 23 step 2950 loss 0.00023
epoch 23 step 3000 loss 0.00021
epoch 23 step 3050 loss 0.00017
epoch 23 step 3100 loss 0.00041
epoch 23 step 3150 loss 0.00036
epoch 23 step 3200 loss 0.00025
epoch 23 step 3250 loss 0.00019
epoch 23 step 3300 loss 0.00021
epoch 23 step 3350 loss 0.00022
epoch 23 step 3400 loss 0.00017
epoch 23 step 3450 loss 0.00033
epoch 23 step 3500 loss 0.00016
epoch 23 step 3550 loss 0.00020
epoch 23 step 3600 loss 0.00022
epoch 23 step 3650 loss 0.00023
epoch 23 step 3700 loss 0.00020
epoch 23 step 3750 loss 0.00015
epoch 23 step 3800 loss 0.00023
epoch 23 step 3850 loss 0.00024
epoch 23 step 3900 loss 0.00026
epoch 23 step 3950 loss 0.00023
epoch 23 step 4000 loss 0.00016
epoch 23 step 4050 loss 0.00026
epoch 23 step 4100 loss 0.00018
epoch 23 step 4150 loss 0.00024
epoch 23 step 4200 loss 0.00037
epoch 23 step 4250 loss 0.00019
epoch 23 step 4300 loss 0.00023
epoch 23 step 4350 loss 0.00017
epoch 23 step 4400 loss 0.00023
epoch 23 step 4450 loss 0.00019
epoch 23 step 4500 loss 0.00023
epoch 23 step 4550 loss 0.00018
epoch 23 step 4600 loss 0.00017
epoch 23 step 4650 loss 0.00018
epoch 23 step 4700 loss 0.00029
epoch 23 step 4750 loss 0.00023
epoch 23 step 4800 loss 0.00017
epoch 23 step 4850 loss 0.00027
epoch 23 step 4900 loss 0.00025
epoch 23 step 4950 loss 0.00022
epoch 23 step 5000 loss 0.00021
epoch 23 step 5050 loss 0.00021
epoch 23 step 5100 loss 0.00025
epoch 23 step 5150 loss 0.00021
epoch 23 step 5200 loss 0.00025
epoch 23 step 5250 loss 0.00029
epoch 23 step 5300 loss 0.00025
epoch 23 step 5350 loss 0.00017
epoch 23 step 5400 loss 0.00023
epoch 23 step 5450 loss 0.00020
epoch 23 step 5500 loss 0.00019
epoch 23 step 5550 loss 0.00025
epoch 23 step 5600 loss 0.00027
epoch 23 step 5650 loss 0.00019
epoch 23 step 5700 loss 0.00016
epoch 23 step 5750 loss 0.00025
epoch 23 step 5800 loss 0.00022
epoch 23 step 5850 loss 0.00025
epoch 23 step 5900 loss 0.00018
epoch 23 step 5950 loss 0.00021
epoch 23 step 6000 loss 0.00025
epoch 23 step 6050 loss 0.00020
epoch 23 step 6100 loss 0.00022
epoch 23 step 6150 loss 0.00023
epoch 23 step 6200 loss 0.00018
epoch 23 step 6250 loss 0.00022
epoch 23 step 6300 loss 0.00016
epoch 23 step 6350 loss 0.00030
epoch 23 step 6400 loss 0.00035
epoch 23 step 6450 loss 0.00018
epoch 23 step 6500 loss 0.00024
epoch 23 step 6550 loss 0.00021
epoch 23 step 6600 loss 0.00021
epoch 23 step 6650 loss 0.00045
epoch 23 step 6700 loss 0.00018
epoch 23 step 6750 loss 0.00021
epoch 23 step 6800 loss 0.00020
epoch 23 step 6850 loss 0.00032
epoch 23 step 6900 loss 0.00044
epoch 23 step 6950 loss 0.00019
epoch 23 step 7000 loss 0.00022
epoch 23 step 7050 loss 0.00035
epoch 23 step 7100 loss 0.00024
epoch 23 step 7150 loss 0.00021
epoch 23 step 7200 loss 0.00020
epoch 23 step 7250 loss 0.00029
epoch 23 step 7300 loss 0.00030
epoch 23 step 7350 loss 0.00017
epoch 23 step 7400 loss 0.00029
epoch 23 step 7450 loss 0.00017
epoch 23 step 7500 loss 0.00027
epoch 23 step 7550 loss 0.00027
epoch 23 step 7600 loss 0.00026
epoch 23 step 7650 loss 0.00018
epoch 23 step 7700 loss 0.00022
epoch 23 step 7750 loss 0.00025
epoch 23 step 7800 loss 0.00021
epoch 23 step 7850 loss 0.00019
epoch 23 step 7900 loss 0.00020
epoch 23 step 7950 loss 0.00024
{'epoch': 23, 'train_loss': 0.0002337101956569628}
epoch 24 step 0 loss 0.00034
epoch 24 step 50 loss 0.00033
epoch 24 step 100 loss 0.00021
epoch 24 step 150 loss 0.00015
epoch 24 step 200 loss 0.00029
epoch 24 step 250 loss 0.00021
epoch 24 step 300 loss 0.00021
epoch 24 step 350 loss 0.00024
epoch 24 step 400 loss 0.00020
epoch 24 step 450 loss 0.00017
epoch 24 step 500 loss 0.00026
epoch 24 step 550 loss 0.00015
epoch 24 step 600 loss 0.00028
epoch 24 step 650 loss 0.00027
epoch 24 step 700 loss 0.00020
epoch 24 step 750 loss 0.00021
epoch 24 step 800 loss 0.00016
epoch 24 step 850 loss 0.00018
epoch 24 step 900 loss 0.00016
epoch 24 step 950 loss 0.00017
epoch 24 step 1000 loss 0.00030
epoch 24 step 1050 loss 0.00018
epoch 24 step 1100 loss 0.00020
epoch 24 step 1150 loss 0.00020
epoch 24 step 1200 loss 0.00022
epoch 24 step 1250 loss 0.00023
epoch 24 step 1300 loss 0.00019
epoch 24 step 1350 loss 0.00030
epoch 24 step 1400 loss 0.00021
epoch 24 step 1450 loss 0.00018
epoch 24 step 1500 loss 0.00019
epoch 24 step 1550 loss 0.00027
epoch 24 step 1600 loss 0.00022
epoch 24 step 1650 loss 0.00024
epoch 24 step 1700 loss 0.00030
epoch 24 step 1750 loss 0.00027
epoch 24 step 1800 loss 0.00019
epoch 24 step 1850 loss 0.00031
epoch 24 step 1900 loss 0.00026
epoch 24 step 1950 loss 0.00020
epoch 24 step 2000 loss 0.00020
epoch 24 step 2050 loss 0.00027
epoch 24 step 2100 loss 0.00022
epoch 24 step 2150 loss 0.00033
epoch 24 step 2200 loss 0.00020
epoch 24 step 2250 loss 0.00029
epoch 24 step 2300 loss 0.00018
epoch 24 step 2350 loss 0.00020
epoch 24 step 2400 loss 0.00017
epoch 24 step 2450 loss 0.00030
epoch 24 step 2500 loss 0.00020
epoch 24 step 2550 loss 0.00016
epoch 24 step 2600 loss 0.00023
epoch 24 step 2650 loss 0.00027
epoch 24 step 2700 loss 0.00029
epoch 24 step 2750 loss 0.00032
epoch 24 step 2800 loss 0.00023
epoch 24 step 2850 loss 0.00020
epoch 24 step 2900 loss 0.00028
epoch 24 step 2950 loss 0.00024
epoch 24 step 3000 loss 0.00014
epoch 24 step 3050 loss 0.00028
epoch 24 step 3100 loss 0.00027
epoch 24 step 3150 loss 0.00019
epoch 24 step 3200 loss 0.00022
epoch 24 step 3250 loss 0.00019
epoch 24 step 3300 loss 0.00022
epoch 24 step 3350 loss 0.00021
epoch 24 step 3400 loss 0.00025
epoch 24 step 3450 loss 0.00027
epoch 24 step 3500 loss 0.00028
epoch 24 step 3550 loss 0.00026
epoch 24 step 3600 loss 0.00020
epoch 24 step 3650 loss 0.00016
epoch 24 step 3700 loss 0.00032
epoch 24 step 3750 loss 0.00026
epoch 24 step 3800 loss 0.00029
epoch 24 step 3850 loss 0.00017
epoch 24 step 3900 loss 0.00021
epoch 24 step 3950 loss 0.00016
epoch 24 step 4000 loss 0.00021
epoch 24 step 4050 loss 0.00023
epoch 24 step 4100 loss 0.00028
epoch 24 step 4150 loss 0.00022
epoch 24 step 4200 loss 0.00018
epoch 24 step 4250 loss 0.00027
epoch 24 step 4300 loss 0.00022
epoch 24 step 4350 loss 0.00029
epoch 24 step 4400 loss 0.00027
epoch 24 step 4450 loss 0.00027
epoch 24 step 4500 loss 0.00016
epoch 24 step 4550 loss 0.00023
epoch 24 step 4600 loss 0.00025
epoch 24 step 4650 loss 0.00020
epoch 24 step 4700 loss 0.00018
epoch 24 step 4750 loss 0.00015
epoch 24 step 4800 loss 0.00024
epoch 24 step 4850 loss 0.00021
epoch 24 step 4900 loss 0.00017
epoch 24 step 4950 loss 0.00027
epoch 24 step 5000 loss 0.00017
epoch 24 step 5050 loss 0.00024
epoch 24 step 5100 loss 0.00021
epoch 24 step 5150 loss 0.00028
epoch 24 step 5200 loss 0.00028
epoch 24 step 5250 loss 0.00018
epoch 24 step 5300 loss 0.00019
epoch 24 step 5350 loss 0.00024
epoch 24 step 5400 loss 0.00020
epoch 24 step 5450 loss 0.00030
epoch 24 step 5500 loss 0.00025
epoch 24 step 5550 loss 0.00027
epoch 24 step 5600 loss 0.00029
epoch 24 step 5650 loss 0.00026
epoch 24 step 5700 loss 0.00023
epoch 24 step 5750 loss 0.00022
epoch 24 step 5800 loss 0.00038
epoch 24 step 5850 loss 0.00023
epoch 24 step 5900 loss 0.00020
epoch 24 step 5950 loss 0.00022
epoch 24 step 6000 loss 0.00030
epoch 24 step 6050 loss 0.00025
epoch 24 step 6100 loss 0.00036
epoch 24 step 6150 loss 0.00016
epoch 24 step 6200 loss 0.00019
epoch 24 step 6250 loss 0.00024
epoch 24 step 6300 loss 0.00039
epoch 24 step 6350 loss 0.00023
epoch 24 step 6400 loss 0.00027
epoch 24 step 6450 loss 0.00029
epoch 24 step 6500 loss 0.00022
epoch 24 step 6550 loss 0.00018
epoch 24 step 6600 loss 0.00027
epoch 24 step 6650 loss 0.00022
epoch 24 step 6700 loss 0.00022
epoch 24 step 6750 loss 0.00015
epoch 24 step 6800 loss 0.00038
epoch 24 step 6850 loss 0.00020
epoch 24 step 6900 loss 0.00027
epoch 24 step 6950 loss 0.00021
epoch 24 step 7000 loss 0.00022
epoch 24 step 7050 loss 0.00016
epoch 24 step 7100 loss 0.00036
epoch 24 step 7150 loss 0.00015
epoch 24 step 7200 loss 0.00020
epoch 24 step 7250 loss 0.00021
epoch 24 step 7300 loss 0.00034
epoch 24 step 7350 loss 0.00025
epoch 24 step 7400 loss 0.00027
epoch 24 step 7450 loss 0.00031
epoch 24 step 7500 loss 0.00022
epoch 24 step 7550 loss 0.00018
epoch 24 step 7600 loss 0.00019
epoch 24 step 7650 loss 0.00012
epoch 24 step 7700 loss 0.00023
epoch 24 step 7750 loss 0.00019
epoch 24 step 7800 loss 0.00013
epoch 24 step 7850 loss 0.00018
epoch 24 step 7900 loss 0.00025
epoch 24 step 7950 loss 0.00027
{'epoch': 24, 'train_loss': 0.0002331524884206267}
{'epoch': 24, 'val_loss': 0.0002010312331272814, 'val_pck01': 0.9980572999534958}
epoch 25 step 0 loss 0.00025
epoch 25 step 50 loss 0.00025
epoch 25 step 100 loss 0.00024
epoch 25 step 150 loss 0.00024
epoch 25 step 200 loss 0.00030
epoch 25 step 250 loss 0.00019
epoch 25 step 300 loss 0.00035
epoch 25 step 350 loss 0.00032
epoch 25 step 400 loss 0.00027
epoch 25 step 450 loss 0.00020
epoch 25 step 500 loss 0.00030
epoch 25 step 550 loss 0.00022
epoch 25 step 600 loss 0.00020
epoch 25 step 650 loss 0.00020
epoch 25 step 700 loss 0.00018
epoch 25 step 750 loss 0.00026
epoch 25 step 800 loss 0.00029
epoch 25 step 850 loss 0.00023
epoch 25 step 900 loss 0.00014
epoch 25 step 950 loss 0.00021
epoch 25 step 1000 loss 0.00017
epoch 25 step 1050 loss 0.00026
epoch 25 step 1100 loss 0.00024
epoch 25 step 1150 loss 0.00023
epoch 25 step 1200 loss 0.00022
epoch 25 step 1250 loss 0.00022
epoch 25 step 1300 loss 0.00025
epoch 25 step 1350 loss 0.00024
epoch 25 step 1400 loss 0.00028
epoch 25 step 1450 loss 0.00021
epoch 25 step 1500 loss 0.00019
epoch 25 step 1550 loss 0.00019
epoch 25 step 1600 loss 0.00021
epoch 25 step 1650 loss 0.00021
epoch 25 step 1700 loss 0.00026
epoch 25 step 1750 loss 0.00033
epoch 25 step 1800 loss 0.00027
epoch 25 step 1850 loss 0.00015
epoch 25 step 1900 loss 0.00032
epoch 25 step 1950 loss 0.00018
epoch 25 step 2000 loss 0.00027
epoch 25 step 2050 loss 0.00025
epoch 25 step 2100 loss 0.00019
epoch 25 step 2150 loss 0.00020
epoch 25 step 2200 loss 0.00016
epoch 25 step 2250 loss 0.00016
epoch 25 step 2300 loss 0.00021
epoch 25 step 2350 loss 0.00016
epoch 25 step 2400 loss 0.00015
epoch 25 step 2450 loss 0.00017
epoch 25 step 2500 loss 0.00040
epoch 25 step 2550 loss 0.00022
epoch 25 step 2600 loss 0.00023
epoch 25 step 2650 loss 0.00026
epoch 25 step 2700 loss 0.00026
epoch 25 step 2750 loss 0.00016
epoch 25 step 2800 loss 0.00016
epoch 25 step 2850 loss 0.00017
epoch 25 step 2900 loss 0.00020
epoch 25 step 2950 loss 0.00025
epoch 25 step 3000 loss 0.00020
epoch 25 step 3050 loss 0.00020
epoch 25 step 3100 loss 0.00025
epoch 25 step 3150 loss 0.00019
epoch 25 step 3200 loss 0.00022
epoch 25 step 3250 loss 0.00018
epoch 25 step 3300 loss 0.00029
epoch 25 step 3350 loss 0.00022
epoch 25 step 3400 loss 0.00020
epoch 25 step 3450 loss 0.00017
epoch 25 step 3500 loss 0.00026
epoch 25 step 3550 loss 0.00022
epoch 25 step 3600 loss 0.00021
epoch 25 step 3650 loss 0.00024
epoch 25 step 3700 loss 0.00021
epoch 25 step 3750 loss 0.00027
epoch 25 step 3800 loss 0.00016
epoch 25 step 3850 loss 0.00024
epoch 25 step 3900 loss 0.00020
epoch 25 step 3950 loss 0.00020
epoch 25 step 4000 loss 0.00022
epoch 25 step 4050 loss 0.00019
epoch 25 step 4100 loss 0.00025
epoch 25 step 4150 loss 0.00030
epoch 25 step 4200 loss 0.00016
epoch 25 step 4250 loss 0.00017
epoch 25 step 4300 loss 0.00018
epoch 25 step 4350 loss 0.00026
epoch 25 step 4400 loss 0.00023
epoch 25 step 4450 loss 0.00020
epoch 25 step 4500 loss 0.00028
epoch 25 step 4550 loss 0.00032
epoch 25 step 4600 loss 0.00035
epoch 25 step 4650 loss 0.00024
epoch 25 step 4700 loss 0.00036
epoch 25 step 4750 loss 0.00024
epoch 25 step 4800 loss 0.00038
epoch 25 step 4850 loss 0.00025
epoch 25 step 4900 loss 0.00027
epoch 25 step 4950 loss 0.00016
epoch 25 step 5000 loss 0.00028
epoch 25 step 5050 loss 0.00031
epoch 25 step 5100 loss 0.00015
epoch 25 step 5150 loss 0.00023
epoch 25 step 5200 loss 0.00017
epoch 25 step 5250 loss 0.00023
epoch 25 step 5300 loss 0.00019
epoch 25 step 5350 loss 0.00024
epoch 25 step 5400 loss 0.00017
epoch 25 step 5450 loss 0.00022
epoch 25 step 5500 loss 0.00026
epoch 25 step 5550 loss 0.00017
epoch 25 step 5600 loss 0.00027
epoch 25 step 5650 loss 0.00021
epoch 25 step 5700 loss 0.00016
epoch 25 step 5750 loss 0.00031
epoch 25 step 5800 loss 0.00013
epoch 25 step 5850 loss 0.00026
epoch 25 step 5900 loss 0.00023
epoch 25 step 5950 loss 0.00028
epoch 25 step 6000 loss 0.00031
epoch 25 step 6050 loss 0.00019
epoch 25 step 6100 loss 0.00019
epoch 25 step 6150 loss 0.00029
epoch 25 step 6200 loss 0.00020
epoch 25 step 6250 loss 0.00036
epoch 25 step 6300 loss 0.00031
epoch 25 step 6350 loss 0.00020
epoch 25 step 6400 loss 0.00020
epoch 25 step 6450 loss 0.00025
epoch 25 step 6500 loss 0.00017
epoch 25 step 6550 loss 0.00016
epoch 25 step 6600 loss 0.00026
epoch 25 step 6650 loss 0.00016
epoch 25 step 6700 loss 0.00025
epoch 25 step 6750 loss 0.00018
epoch 25 step 6800 loss 0.00026
epoch 25 step 6850 loss 0.00035
epoch 25 step 6900 loss 0.00015
epoch 25 step 6950 loss 0.00019
epoch 25 step 7000 loss 0.00021
epoch 25 step 7050 loss 0.00032
epoch 25 step 7100 loss 0.00027
epoch 25 step 7150 loss 0.00013
epoch 25 step 7200 loss 0.00017
epoch 25 step 7250 loss 0.00023
epoch 25 step 7300 loss 0.00023
epoch 25 step 7350 loss 0.00016
epoch 25 step 7400 loss 0.00029
epoch 25 step 7450 loss 0.00020
epoch 25 step 7500 loss 0.00026
epoch 25 step 7550 loss 0.00025
epoch 25 step 7600 loss 0.00017
epoch 25 step 7650 loss 0.00019
epoch 25 step 7700 loss 0.00029
epoch 25 step 7750 loss 0.00031
epoch 25 step 7800 loss 0.00025
epoch 25 step 7850 loss 0.00031
epoch 25 step 7900 loss 0.00025
epoch 25 step 7950 loss 0.00019
{'epoch': 25, 'train_loss': 0.00023193170549175957}
epoch 26 step 0 loss 0.00015
epoch 26 step 50 loss 0.00019
epoch 26 step 100 loss 0.00021
epoch 26 step 150 loss 0.00027
epoch 26 step 200 loss 0.00025
epoch 26 step 250 loss 0.00029
epoch 26 step 300 loss 0.00026
epoch 26 step 350 loss 0.00032
epoch 26 step 400 loss 0.00025
epoch 26 step 450 loss 0.00013
epoch 26 step 500 loss 0.00024
epoch 26 step 550 loss 0.00017
epoch 26 step 600 loss 0.00018
epoch 26 step 650 loss 0.00033
epoch 26 step 700 loss 0.00029
epoch 26 step 750 loss 0.00016
epoch 26 step 800 loss 0.00016
epoch 26 step 850 loss 0.00019
epoch 26 step 900 loss 0.00019
epoch 26 step 950 loss 0.00021
epoch 26 step 1000 loss 0.00019
epoch 26 step 1050 loss 0.00016
epoch 26 step 1100 loss 0.00025
epoch 26 step 1150 loss 0.00017
epoch 26 step 1200 loss 0.00026
epoch 26 step 1250 loss 0.00018
epoch 26 step 1300 loss 0.00018
epoch 26 step 1350 loss 0.00026
epoch 26 step 1400 loss 0.00016
epoch 26 step 1450 loss 0.00018
epoch 26 step 1500 loss 0.00019
epoch 26 step 1550 loss 0.00040
epoch 26 step 1600 loss 0.00033
epoch 26 step 1650 loss 0.00015
epoch 26 step 1700 loss 0.00019
epoch 26 step 1750 loss 0.00027
epoch 26 step 1800 loss 0.00028
epoch 26 step 1850 loss 0.00016
epoch 26 step 1900 loss 0.00018
epoch 26 step 1950 loss 0.00017
epoch 26 step 2000 loss 0.00029
epoch 26 step 2050 loss 0.00031
epoch 26 step 2100 loss 0.00032
epoch 26 step 2150 loss 0.00020
epoch 26 step 2200 loss 0.00045
epoch 26 step 2250 loss 0.00027
epoch 26 step 2300 loss 0.00024
epoch 26 step 2350 loss 0.00024
epoch 26 step 2400 loss 0.00019
epoch 26 step 2450 loss 0.00025
epoch 26 step 2500 loss 0.00017
epoch 26 step 2550 loss 0.00018
epoch 26 step 2600 loss 0.00038
epoch 26 step 2650 loss 0.00029
epoch 26 step 2700 loss 0.00015
epoch 26 step 2750 loss 0.00027
epoch 26 step 2800 loss 0.00017
epoch 26 step 2850 loss 0.00023
epoch 26 step 2900 loss 0.00046
epoch 26 step 2950 loss 0.00018
epoch 26 step 3000 loss 0.00022
epoch 26 step 3050 loss 0.00022
epoch 26 step 3100 loss 0.00033
epoch 26 step 3150 loss 0.00017
epoch 26 step 3200 loss 0.00020
epoch 26 step 3250 loss 0.00021
epoch 26 step 3300 loss 0.00016
epoch 26 step 3350 loss 0.00018
epoch 26 step 3400 loss 0.00021
epoch 26 step 3450 loss 0.00021
epoch 26 step 3500 loss 0.00020
epoch 26 step 3550 loss 0.00016
epoch 26 step 3600 loss 0.00018
epoch 26 step 3650 loss 0.00031
epoch 26 step 3700 loss 0.00026
epoch 26 step 3750 loss 0.00018
epoch 26 step 3800 loss 0.00023
epoch 26 step 3850 loss 0.00019
epoch 26 step 3900 loss 0.00021
epoch 26 step 3950 loss 0.00024
epoch 26 step 4000 loss 0.00018
epoch 26 step 4050 loss 0.00018
epoch 26 step 4100 loss 0.00018
epoch 26 step 4150 loss 0.00020
epoch 26 step 4200 loss 0.00028
epoch 26 step 4250 loss 0.00031
epoch 26 step 4300 loss 0.00014
epoch 26 step 4350 loss 0.00021
epoch 26 step 4400 loss 0.00022
epoch 26 step 4450 loss 0.00014
epoch 26 step 4500 loss 0.00025
epoch 26 step 4550 loss 0.00026
epoch 26 step 4600 loss 0.00026
epoch 26 step 4650 loss 0.00019
epoch 26 step 4700 loss 0.00027
epoch 26 step 4750 loss 0.00026
epoch 26 step 4800 loss 0.00022
epoch 26 step 4850 loss 0.00020
epoch 26 step 4900 loss 0.00022
epoch 26 step 4950 loss 0.00022
epoch 26 step 5000 loss 0.00035
epoch 26 step 5050 loss 0.00023
epoch 26 step 5100 loss 0.00042
epoch 26 step 5150 loss 0.00020
epoch 26 step 5200 loss 0.00033
epoch 26 step 5250 loss 0.00023
epoch 26 step 5300 loss 0.00019
epoch 26 step 5350 loss 0.00018
epoch 26 step 5400 loss 0.00014
epoch 26 step 5450 loss 0.00019
epoch 26 step 5500 loss 0.00022
epoch 26 step 5550 loss 0.00034
epoch 26 step 5600 loss 0.00027
epoch 26 step 5650 loss 0.00029
epoch 26 step 5700 loss 0.00022
epoch 26 step 5750 loss 0.00019
epoch 26 step 5800 loss 0.00017
epoch 26 step 5850 loss 0.00027
epoch 26 step 5900 loss 0.00035
epoch 26 step 5950 loss 0.00019
epoch 26 step 6000 loss 0.00022
epoch 26 step 6050 loss 0.00022
epoch 26 step 6100 loss 0.00028
epoch 26 step 6150 loss 0.00034
epoch 26 step 6200 loss 0.00024
epoch 26 step 6250 loss 0.00020
epoch 26 step 6300 loss 0.00026
epoch 26 step 6350 loss 0.00025
epoch 26 step 6400 loss 0.00020
epoch 26 step 6450 loss 0.00023
epoch 26 step 6500 loss 0.00016
epoch 26 step 6550 loss 0.00021
epoch 26 step 6600 loss 0.00018
epoch 26 step 6650 loss 0.00037
epoch 26 step 6700 loss 0.00021
epoch 26 step 6750 loss 0.00028
epoch 26 step 6800 loss 0.00024
epoch 26 step 6850 loss 0.00021
epoch 26 step 6900 loss 0.00041
epoch 26 step 6950 loss 0.00021
epoch 26 step 7000 loss 0.00030
epoch 26 step 7050 loss 0.00038
epoch 26 step 7100 loss 0.00028
epoch 26 step 7150 loss 0.00026
epoch 26 step 7200 loss 0.00016
epoch 26 step 7250 loss 0.00016
epoch 26 step 7300 loss 0.00014
epoch 26 step 7350 loss 0.00029
epoch 26 step 7400 loss 0.00036
epoch 26 step 7450 loss 0.00030
epoch 26 step 7500 loss 0.00024
epoch 26 step 7550 loss 0.00016
epoch 26 step 7600 loss 0.00017
epoch 26 step 7650 loss 0.00030
epoch 26 step 7700 loss 0.00037
epoch 26 step 7750 loss 0.00019
epoch 26 step 7800 loss 0.00020
epoch 26 step 7850 loss 0.00042
epoch 26 step 7900 loss 0.00019
epoch 26 step 7950 loss 0.00018
{'epoch': 26, 'train_loss': 0.00023070835413521306}
{'epoch': 26, 'val_loss': 0.00020073707785205928, 'val_pck01': 0.9980977031420413}
epoch 27 step 0 loss 0.00017
epoch 27 step 50 loss 0.00034
epoch 27 step 100 loss 0.00023
epoch 27 step 150 loss 0.00023
epoch 27 step 200 loss 0.00031
epoch 27 step 250 loss 0.00026
epoch 27 step 300 loss 0.00026
epoch 27 step 350 loss 0.00029
epoch 27 step 400 loss 0.00026
epoch 27 step 450 loss 0.00020
epoch 27 step 500 loss 0.00020
epoch 27 step 550 loss 0.00028
epoch 27 step 600 loss 0.00023
epoch 27 step 650 loss 0.00028
epoch 27 step 700 loss 0.00015
epoch 27 step 750 loss 0.00021
epoch 27 step 800 loss 0.00046
epoch 27 step 850 loss 0.00038
epoch 27 step 900 loss 0.00016
epoch 27 step 950 loss 0.00025
epoch 27 step 1000 loss 0.00016
epoch 27 step 1050 loss 0.00025
epoch 27 step 1100 loss 0.00015
epoch 27 step 1150 loss 0.00019
epoch 27 step 1200 loss 0.00030
epoch 27 step 1250 loss 0.00026
epoch 27 step 1300 loss 0.00017
epoch 27 step 1350 loss 0.00034
epoch 27 step 1400 loss 0.00019
epoch 27 step 1450 loss 0.00021
epoch 27 step 1500 loss 0.00033
epoch 27 step 1550 loss 0.00020
epoch 27 step 1600 loss 0.00019
epoch 27 step 1650 loss 0.00023
epoch 27 step 1700 loss 0.00016
epoch 27 step 1750 loss 0.00017
epoch 27 step 1800 loss 0.00021
epoch 27 step 1850 loss 0.00021
epoch 27 step 1900 loss 0.00017
epoch 27 step 1950 loss 0.00025
epoch 27 step 2000 loss 0.00015
epoch 27 step 2050 loss 0.00020
epoch 27 step 2100 loss 0.00016
epoch 27 step 2150 loss 0.00022
epoch 27 step 2200 loss 0.00015
epoch 27 step 2250 loss 0.00021
epoch 27 step 2300 loss 0.00029
epoch 27 step 2350 loss 0.00025
epoch 27 step 2400 loss 0.00024
epoch 27 step 2450 loss 0.00032
epoch 27 step 2500 loss 0.00024
epoch 27 step 2550 loss 0.00034
epoch 27 step 2600 loss 0.00019
epoch 27 step 2650 loss 0.00022
epoch 27 step 2700 loss 0.00020
epoch 27 step 2750 loss 0.00033
epoch 27 step 2800 loss 0.00021
epoch 27 step 2850 loss 0.00019
epoch 27 step 2900 loss 0.00029
epoch 27 step 2950 loss 0.00019
epoch 27 step 3000 loss 0.00016
epoch 27 step 3050 loss 0.00028
epoch 27 step 3100 loss 0.00015
epoch 27 step 3150 loss 0.00018
epoch 27 step 3200 loss 0.00019
epoch 27 step 3250 loss 0.00021
epoch 27 step 3300 loss 0.00019
epoch 27 step 3350 loss 0.00016
epoch 27 step 3400 loss 0.00016
epoch 27 step 3450 loss 0.00016
epoch 27 step 3500 loss 0.00040
epoch 27 step 3550 loss 0.00033
epoch 27 step 3600 loss 0.00025
epoch 27 step 3650 loss 0.00029
epoch 27 step 3700 loss 0.00018
epoch 27 step 3750 loss 0.00017
epoch 27 step 3800 loss 0.00023
epoch 27 step 3850 loss 0.00016
epoch 27 step 3900 loss 0.00022
epoch 27 step 3950 loss 0.00021
epoch 27 step 4000 loss 0.00022
epoch 27 step 4050 loss 0.00026
epoch 27 step 4100 loss 0.00013
epoch 27 step 4150 loss 0.00020
epoch 27 step 4200 loss 0.00028
epoch 27 step 4250 loss 0.00020
epoch 27 step 4300 loss 0.00030
epoch 27 step 4350 loss 0.00022
epoch 27 step 4400 loss 0.00023
epoch 27 step 4450 loss 0.00026
epoch 27 step 4500 loss 0.00032
epoch 27 step 4550 loss 0.00016
epoch 27 step 4600 loss 0.00021
epoch 27 step 4650 loss 0.00024
epoch 27 step 4700 loss 0.00016
epoch 27 step 4750 loss 0.00017
epoch 27 step 4800 loss 0.00029
epoch 27 step 4850 loss 0.00025
epoch 27 step 4900 loss 0.00030
epoch 27 step 4950 loss 0.00021
epoch 27 step 5000 loss 0.00020
epoch 27 step 5050 loss 0.00021
epoch 27 step 5100 loss 0.00020
epoch 27 step 5150 loss 0.00032
epoch 27 step 5200 loss 0.00016
epoch 27 step 5250 loss 0.00030
epoch 27 step 5300 loss 0.00023
epoch 27 step 5350 loss 0.00040
epoch 27 step 5400 loss 0.00016
epoch 27 step 5450 loss 0.00027
epoch 27 step 5500 loss 0.00020
epoch 27 step 5550 loss 0.00031
epoch 27 step 5600 loss 0.00028
epoch 27 step 5650 loss 0.00018
epoch 27 step 5700 loss 0.00020
epoch 27 step 5750 loss 0.00026
epoch 27 step 5800 loss 0.00016
epoch 27 step 5850 loss 0.00029
epoch 27 step 5900 loss 0.00029
epoch 27 step 5950 loss 0.00014
epoch 27 step 6000 loss 0.00026
epoch 27 step 6050 loss 0.00039
epoch 27 step 6100 loss 0.00017
epoch 27 step 6150 loss 0.00019
epoch 27 step 6200 loss 0.00014
epoch 27 step 6250 loss 0.00015
epoch 27 step 6300 loss 0.00019
epoch 27 step 6350 loss 0.00028
epoch 27 step 6400 loss 0.00017
epoch 27 step 6450 loss 0.00020
epoch 27 step 6500 loss 0.00032
epoch 27 step 6550 loss 0.00025
epoch 27 step 6600 loss 0.00018
epoch 27 step 6650 loss 0.00022
epoch 27 step 6700 loss 0.00020
epoch 27 step 6750 loss 0.00013
epoch 27 step 6800 loss 0.00022
epoch 27 step 6850 loss 0.00017
epoch 27 step 6900 loss 0.00022
epoch 27 step 6950 loss 0.00019
epoch 27 step 7000 loss 0.00020
epoch 27 step 7050 loss 0.00016
epoch 27 step 7100 loss 0.00035
epoch 27 step 7150 loss 0.00032
epoch 27 step 7200 loss 0.00023
epoch 27 step 7250 loss 0.00032
epoch 27 step 7300 loss 0.00024
epoch 27 step 7350 loss 0.00020
epoch 27 step 7400 loss 0.00023
epoch 27 step 7450 loss 0.00039
epoch 27 step 7500 loss 0.00040
epoch 27 step 7550 loss 0.00016
epoch 27 step 7600 loss 0.00019
epoch 27 step 7650 loss 0.00046
epoch 27 step 7700 loss 0.00026
epoch 27 step 7750 loss 0.00028
epoch 27 step 7800 loss 0.00020
epoch 27 step 7850 loss 0.00022
epoch 27 step 7900 loss 0.00036
epoch 27 step 7950 loss 0.00026
{'epoch': 27, 'train_loss': 0.000230118140428545}
epoch 28 step 0 loss 0.00019
epoch 28 step 50 loss 0.00026
epoch 28 step 100 loss 0.00014
epoch 28 step 150 loss 0.00019
epoch 28 step 200 loss 0.00021
epoch 28 step 250 loss 0.00021
epoch 28 step 300 loss 0.00021
epoch 28 step 350 loss 0.00031
epoch 28 step 400 loss 0.00023
epoch 28 step 450 loss 0.00043
epoch 28 step 500 loss 0.00021
epoch 28 step 550 loss 0.00023
epoch 28 step 600 loss 0.00033
epoch 28 step 650 loss 0.00028
epoch 28 step 700 loss 0.00015
epoch 28 step 750 loss 0.00036
epoch 28 step 800 loss 0.00026
epoch 28 step 850 loss 0.00022
epoch 28 step 900 loss 0.00016
epoch 28 step 950 loss 0.00018
epoch 28 step 1000 loss 0.00028
epoch 28 step 1050 loss 0.00028
epoch 28 step 1100 loss 0.00017
epoch 28 step 1150 loss 0.00015
epoch 28 step 1200 loss 0.00016
epoch 28 step 1250 loss 0.00022
epoch 28 step 1300 loss 0.00019
epoch 28 step 1350 loss 0.00023
epoch 28 step 1400 loss 0.00033
epoch 28 step 1450 loss 0.00029
epoch 28 step 1500 loss 0.00019
epoch 28 step 1550 loss 0.00021
epoch 28 step 1600 loss 0.00022
epoch 28 step 1650 loss 0.00021
epoch 28 step 1700 loss 0.00015
epoch 28 step 1750 loss 0.00017
epoch 28 step 1800 loss 0.00026
epoch 28 step 1850 loss 0.00018
epoch 28 step 1900 loss 0.00018
epoch 28 step 1950 loss 0.00022
epoch 28 step 2000 loss 0.00020
epoch 28 step 2050 loss 0.00017
epoch 28 step 2100 loss 0.00017
epoch 28 step 2150 loss 0.00014
epoch 28 step 2200 loss 0.00015
epoch 28 step 2250 loss 0.00020
epoch 28 step 2300 loss 0.00018
epoch 28 step 2350 loss 0.00015
epoch 28 step 2400 loss 0.00018
epoch 28 step 2450 loss 0.00014
epoch 28 step 2500 loss 0.00027
epoch 28 step 2550 loss 0.00031
epoch 28 step 2600 loss 0.00019
epoch 28 step 2650 loss 0.00028
epoch 28 step 2700 loss 0.00020
epoch 28 step 2750 loss 0.00015
epoch 28 step 2800 loss 0.00033
epoch 28 step 2850 loss 0.00022
epoch 28 step 2900 loss 0.00027
epoch 28 step 2950 loss 0.00022
epoch 28 step 3000 loss 0.00029
epoch 28 step 3050 loss 0.00018
epoch 28 step 3100 loss 0.00018
epoch 28 step 3150 loss 0.00023
epoch 28 step 3200 loss 0.00015
epoch 28 step 3250 loss 0.00032
epoch 28 step 3300 loss 0.00040
epoch 28 step 3350 loss 0.00024
epoch 28 step 3400 loss 0.00019
epoch 28 step 3450 loss 0.00017
epoch 28 step 3500 loss 0.00025
epoch 28 step 3550 loss 0.00016
epoch 28 step 3600 loss 0.00025
epoch 28 step 3650 loss 0.00047
epoch 28 step 3700 loss 0.00029
epoch 28 step 3750 loss 0.00020
epoch 28 step 3800 loss 0.00021
epoch 28 step 3850 loss 0.00018
epoch 28 step 3900 loss 0.00034
epoch 28 step 3950 loss 0.00027
epoch 28 step 4000 loss 0.00014
epoch 28 step 4050 loss 0.00019
epoch 28 step 4100 loss 0.00018
epoch 28 step 4150 loss 0.00020
epoch 28 step 4200 loss 0.00021
epoch 28 step 4250 loss 0.00020
epoch 28 step 4300 loss 0.00016
epoch 28 step 4350 loss 0.00023
epoch 28 step 4400 loss 0.00020
epoch 28 step 4450 loss 0.00015
epoch 28 step 4500 loss 0.00026
epoch 28 step 4550 loss 0.00028
epoch 28 step 4600 loss 0.00018
epoch 28 step 4650 loss 0.00025
epoch 28 step 4700 loss 0.00026
epoch 28 step 4750 loss 0.00020
epoch 28 step 4800 loss 0.00024
epoch 28 step 4850 loss 0.00024
epoch 28 step 4900 loss 0.00021
epoch 28 step 4950 loss 0.00023
epoch 28 step 5000 loss 0.00019
epoch 28 step 5050 loss 0.00020
epoch 28 step 5100 loss 0.00035
epoch 28 step 5150 loss 0.00021
epoch 28 step 5200 loss 0.00022
epoch 28 step 5250 loss 0.00025
epoch 28 step 5300 loss 0.00022
epoch 28 step 5350 loss 0.00017
epoch 28 step 5400 loss 0.00023
epoch 28 step 5450 loss 0.00018
epoch 28 step 5500 loss 0.00022
epoch 28 step 5550 loss 0.00020
epoch 28 step 5600 loss 0.00016
epoch 28 step 5650 loss 0.00016
epoch 28 step 5700 loss 0.00039
epoch 28 step 5750 loss 0.00013
epoch 28 step 5800 loss 0.00019
epoch 28 step 5850 loss 0.00020
epoch 28 step 5900 loss 0.00017
epoch 28 step 5950 loss 0.00026
epoch 28 step 6000 loss 0.00020
epoch 28 step 6050 loss 0.00015
epoch 28 step 6100 loss 0.00015
epoch 28 step 6150 loss 0.00026
epoch 28 step 6200 loss 0.00041
epoch 28 step 6250 loss 0.00019
epoch 28 step 6300 loss 0.00021
epoch 28 step 6350 loss 0.00020
epoch 28 step 6400 loss 0.00020
epoch 28 step 6450 loss 0.00018
epoch 28 step 6500 loss 0.00017
epoch 28 step 6550 loss 0.00026
epoch 28 step 6600 loss 0.00014
epoch 28 step 6650 loss 0.00018
epoch 28 step 6700 loss 0.00018
epoch 28 step 6750 loss 0.00029
epoch 28 step 6800 loss 0.00018
epoch 28 step 6850 loss 0.00018
epoch 28 step 6900 loss 0.00015
epoch 28 step 6950 loss 0.00024
epoch 28 step 7000 loss 0.00018
epoch 28 step 7050 loss 0.00016
epoch 28 step 7100 loss 0.00033
epoch 28 step 7150 loss 0.00022
epoch 28 step 7200 loss 0.00018
epoch 28 step 7250 loss 0.00023
epoch 28 step 7300 loss 0.00027
epoch 28 step 7350 loss 0.00016
epoch 28 step 7400 loss 0.00039
epoch 28 step 7450 loss 0.00021
epoch 28 step 7500 loss 0.00024
epoch 28 step 7550 loss 0.00017
epoch 28 step 7600 loss 0.00022
epoch 28 step 7650 loss 0.00017
epoch 28 step 7700 loss 0.00032
epoch 28 step 7750 loss 0.00034
epoch 28 step 7800 loss 0.00017
epoch 28 step 7850 loss 0.00030
epoch 28 step 7900 loss 0.00020
epoch 28 step 7950 loss 0.00032
{'epoch': 28, 'train_loss': 0.0002298069093485112}
{'epoch': 28, 'val_loss': 0.00019956734732143108, 'val_pck01': 0.9982684105733309}
saved best -> data/processed/train_hrnet_w32/best.pt (val_pck01=0.9983)
epoch 29 step 0 loss 0.00020
epoch 29 step 50 loss 0.00034
epoch 29 step 100 loss 0.00020
epoch 29 step 150 loss 0.00017
epoch 29 step 200 loss 0.00021
epoch 29 step 250 loss 0.00021
epoch 29 step 300 loss 0.00023
epoch 29 step 350 loss 0.00014
epoch 29 step 400 loss 0.00033
epoch 29 step 450 loss 0.00022
epoch 29 step 500 loss 0.00025
epoch 29 step 550 loss 0.00022
epoch 29 step 600 loss 0.00013
epoch 29 step 650 loss 0.00022
epoch 29 step 700 loss 0.00025
epoch 29 step 750 loss 0.00030
epoch 29 step 800 loss 0.00023
epoch 29 step 850 loss 0.00035
epoch 29 step 900 loss 0.00024
epoch 29 step 950 loss 0.00027
epoch 29 step 1000 loss 0.00024
epoch 29 step 1050 loss 0.00022
epoch 29 step 1100 loss 0.00029
epoch 29 step 1150 loss 0.00030
epoch 29 step 1200 loss 0.00019
epoch 29 step 1250 loss 0.00032
epoch 29 step 1300 loss 0.00022
epoch 29 step 1350 loss 0.00026
epoch 29 step 1400 loss 0.00027
epoch 29 step 1450 loss 0.00015
epoch 29 step 1500 loss 0.00037
epoch 29 step 1550 loss 0.00015
epoch 29 step 1600 loss 0.00017
epoch 29 step 1650 loss 0.00027
epoch 29 step 1700 loss 0.00030
epoch 29 step 1750 loss 0.00018
epoch 29 step 1800 loss 0.00020
epoch 29 step 1850 loss 0.00023
epoch 29 step 1900 loss 0.00026
epoch 29 step 1950 loss 0.00018
epoch 29 step 2000 loss 0.00025
epoch 29 step 2050 loss 0.00039
epoch 29 step 2100 loss 0.00022
epoch 29 step 2150 loss 0.00024
epoch 29 step 2200 loss 0.00044
epoch 29 step 2250 loss 0.00015
epoch 29 step 2300 loss 0.00018
epoch 29 step 2350 loss 0.00025
epoch 29 step 2400 loss 0.00025
epoch 29 step 2450 loss 0.00032
epoch 29 step 2500 loss 0.00018
epoch 29 step 2550 loss 0.00019
epoch 29 step 2600 loss 0.00019
epoch 29 step 2650 loss 0.00016
epoch 29 step 2700 loss 0.00014
epoch 29 step 2750 loss 0.00017
epoch 29 step 2800 loss 0.00032
epoch 29 step 2850 loss 0.00031
epoch 29 step 2900 loss 0.00024
epoch 29 step 2950 loss 0.00026
epoch 29 step 3000 loss 0.00016
epoch 29 step 3050 loss 0.00036
epoch 29 step 3100 loss 0.00014
epoch 29 step 3150 loss 0.00021
epoch 29 step 3200 loss 0.00021
epoch 29 step 3250 loss 0.00025
epoch 29 step 3300 loss 0.00023
epoch 29 step 3350 loss 0.00021
epoch 29 step 3400 loss 0.00021
epoch 29 step 3450 loss 0.00023
epoch 29 step 3500 loss 0.00022
epoch 29 step 3550 loss 0.00016
epoch 29 step 3600 loss 0.00023
epoch 29 step 3650 loss 0.00023
epoch 29 step 3700 loss 0.00020
epoch 29 step 3750 loss 0.00023
epoch 29 step 3800 loss 0.00013
epoch 29 step 3850 loss 0.00025
epoch 29 step 3900 loss 0.00021
epoch 29 step 3950 loss 0.00018
epoch 29 step 4000 loss 0.00028
epoch 29 step 4050 loss 0.00019
epoch 29 step 4100 loss 0.00031
epoch 29 step 4150 loss 0.00021
epoch 29 step 4200 loss 0.00021
epoch 29 step 4250 loss 0.00014
epoch 29 step 4300 loss 0.00026
epoch 29 step 4350 loss 0.00018
epoch 29 step 4400 loss 0.00016
epoch 29 step 4450 loss 0.00026
epoch 29 step 4500 loss 0.00022
epoch 29 step 4550 loss 0.00025
epoch 29 step 4600 loss 0.00026
epoch 29 step 4650 loss 0.00034
epoch 29 step 4700 loss 0.00022
epoch 29 step 4750 loss 0.00031
epoch 29 step 4800 loss 0.00018
epoch 29 step 4850 loss 0.00021
epoch 29 step 4900 loss 0.00019
epoch 29 step 4950 loss 0.00017
epoch 29 step 5000 loss 0.00025
epoch 29 step 5050 loss 0.00021
epoch 29 step 5100 loss 0.00038
epoch 29 step 5150 loss 0.00018
epoch 29 step 5200 loss 0.00022
epoch 29 step 5250 loss 0.00024
epoch 29 step 5300 loss 0.00026
epoch 29 step 5350 loss 0.00032
epoch 29 step 5400 loss 0.00032
epoch 29 step 5450 loss 0.00016
epoch 29 step 5500 loss 0.00023
epoch 29 step 5550 loss 0.00038
epoch 29 step 5600 loss 0.00037
epoch 29 step 5650 loss 0.00040
epoch 29 step 5700 loss 0.00023
epoch 29 step 5750 loss 0.00022
epoch 29 step 5800 loss 0.00022
epoch 29 step 5850 loss 0.00030
epoch 29 step 5900 loss 0.00018
epoch 29 step 5950 loss 0.00033
epoch 29 step 6000 loss 0.00017
epoch 29 step 6050 loss 0.00036
epoch 29 step 6100 loss 0.00023
epoch 29 step 6150 loss 0.00020
epoch 29 step 6200 loss 0.00023
epoch 29 step 6250 loss 0.00020
epoch 29 step 6300 loss 0.00023
epoch 29 step 6350 loss 0.00022
epoch 29 step 6400 loss 0.00023
epoch 29 step 6450 loss 0.00026
epoch 29 step 6500 loss 0.00022
epoch 29 step 6550 loss 0.00020
epoch 29 step 6600 loss 0.00017
epoch 29 step 6650 loss 0.00019
epoch 29 step 6700 loss 0.00025
epoch 29 step 6750 loss 0.00021
epoch 29 step 6800 loss 0.00024
epoch 29 step 6850 loss 0.00030
epoch 29 step 6900 loss 0.00023
epoch 29 step 6950 loss 0.00025
epoch 29 step 7000 loss 0.00021
epoch 29 step 7050 loss 0.00024
epoch 29 step 7100 loss 0.00022
epoch 29 step 7150 loss 0.00027
epoch 29 step 7200 loss 0.00027
epoch 29 step 7250 loss 0.00020
epoch 29 step 7300 loss 0.00023
epoch 29 step 7350 loss 0.00025
epoch 29 step 7400 loss 0.00021
epoch 29 step 7450 loss 0.00019
epoch 29 step 7500 loss 0.00026
epoch 29 step 7550 loss 0.00018
epoch 29 step 7600 loss 0.00014
epoch 29 step 7650 loss 0.00021
epoch 29 step 7700 loss 0.00020
epoch 29 step 7750 loss 0.00021
epoch 29 step 7800 loss 0.00015
epoch 29 step 7850 loss 0.00023
epoch 29 step 7900 loss 0.00018
epoch 29 step 7950 loss 0.00038
{'epoch': 29, 'train_loss': 0.00022924593856653725}
epoch 30 step 0 loss 0.00019
epoch 30 step 50 loss 0.00025
epoch 30 step 100 loss 0.00018
epoch 30 step 150 loss 0.00029
epoch 30 step 200 loss 0.00020
epoch 30 step 250 loss 0.00020
epoch 30 step 300 loss 0.00022
epoch 30 step 350 loss 0.00029
epoch 30 step 400 loss 0.00020
epoch 30 step 450 loss 0.00019
epoch 30 step 500 loss 0.00042
epoch 30 step 550 loss 0.00024
epoch 30 step 600 loss 0.00022
epoch 30 step 650 loss 0.00023
epoch 30 step 700 loss 0.00022
epoch 30 step 750 loss 0.00026
epoch 30 step 800 loss 0.00017
epoch 30 step 850 loss 0.00023
epoch 30 step 900 loss 0.00031
epoch 30 step 950 loss 0.00031
epoch 30 step 1000 loss 0.00030
epoch 30 step 1050 loss 0.00023
epoch 30 step 1100 loss 0.00023
epoch 30 step 1150 loss 0.00027
epoch 30 step 1200 loss 0.00018
epoch 30 step 1250 loss 0.00017
epoch 30 step 1300 loss 0.00028
epoch 30 step 1350 loss 0.00015
epoch 30 step 1400 loss 0.00023
epoch 30 step 1450 loss 0.00022
epoch 30 step 1500 loss 0.00028
epoch 30 step 1550 loss 0.00027
epoch 30 step 1600 loss 0.00024
epoch 30 step 1650 loss 0.00030
epoch 30 step 1700 loss 0.00022
epoch 30 step 1750 loss 0.00026
epoch 30 step 1800 loss 0.00028
epoch 30 step 1850 loss 0.00028
epoch 30 step 1900 loss 0.00014
epoch 30 step 1950 loss 0.00017
epoch 30 step 2000 loss 0.00023
epoch 30 step 2050 loss 0.00016
epoch 30 step 2100 loss 0.00031
epoch 30 step 2150 loss 0.00015
epoch 30 step 2200 loss 0.00018
epoch 30 step 2250 loss 0.00029
epoch 30 step 2300 loss 0.00022
epoch 30 step 2350 loss 0.00020
epoch 30 step 2400 loss 0.00023
epoch 30 step 2450 loss 0.00022
epoch 30 step 2500 loss 0.00018
epoch 30 step 2550 loss 0.00035
epoch 30 step 2600 loss 0.00042
epoch 30 step 2650 loss 0.00031
epoch 30 step 2700 loss 0.00016
epoch 30 step 2750 loss 0.00017
epoch 30 step 2800 loss 0.00027
epoch 30 step 2850 loss 0.00032
epoch 30 step 2900 loss 0.00023
epoch 30 step 2950 loss 0.00028
epoch 30 step 3000 loss 0.00017
epoch 30 step 3050 loss 0.00036
epoch 30 step 3100 loss 0.00025
epoch 30 step 3150 loss 0.00018
epoch 30 step 3200 loss 0.00021
epoch 30 step 3250 loss 0.00021
epoch 30 step 3300 loss 0.00017
epoch 30 step 3350 loss 0.00018
epoch 30 step 3400 loss 0.00038
epoch 30 step 3450 loss 0.00022
epoch 30 step 3500 loss 0.00021
epoch 30 step 3550 loss 0.00033
epoch 30 step 3600 loss 0.00016
epoch 30 step 3650 loss 0.00025
epoch 30 step 3700 loss 0.00028
epoch 30 step 3750 loss 0.00020
epoch 30 step 3800 loss 0.00024
epoch 30 step 3850 loss 0.00024
epoch 30 step 3900 loss 0.00015
epoch 30 step 3950 loss 0.00015
epoch 30 step 4000 loss 0.00019
epoch 30 step 4050 loss 0.00013
epoch 30 step 4100 loss 0.00026
epoch 30 step 4150 loss 0.00016
epoch 30 step 4200 loss 0.00041
epoch 30 step 4250 loss 0.00032
epoch 30 step 4300 loss 0.00018
epoch 30 step 4350 loss 0.00033
epoch 30 step 4400 loss 0.00024
epoch 30 step 4450 loss 0.00019
epoch 30 step 4500 loss 0.00019
epoch 30 step 4550 loss 0.00017
epoch 30 step 4600 loss 0.00029
epoch 30 step 4650 loss 0.00027
epoch 30 step 4700 loss 0.00021
epoch 30 step 4750 loss 0.00020
epoch 30 step 4800 loss 0.00022
epoch 30 step 4850 loss 0.00020
epoch 30 step 4900 loss 0.00023
epoch 30 step 4950 loss 0.00024
epoch 30 step 5000 loss 0.00024
epoch 30 step 5050 loss 0.00020
epoch 30 step 5100 loss 0.00023
epoch 30 step 5150 loss 0.00018
epoch 30 step 5200 loss 0.00020
epoch 30 step 5250 loss 0.00019
epoch 30 step 5300 loss 0.00021
epoch 30 step 5350 loss 0.00019
epoch 30 step 5400 loss 0.00021
epoch 30 step 5450 loss 0.00026
epoch 30 step 5500 loss 0.00017
epoch 30 step 5550 loss 0.00019
epoch 30 step 5600 loss 0.00018
epoch 30 step 5650 loss 0.00023
epoch 30 step 5700 loss 0.00017
epoch 30 step 5750 loss 0.00014
epoch 30 step 5800 loss 0.00034
epoch 30 step 5850 loss 0.00033
epoch 30 step 5900 loss 0.00020
epoch 30 step 5950 loss 0.00040
epoch 30 step 6000 loss 0.00023
epoch 30 step 6050 loss 0.00026
epoch 30 step 6100 loss 0.00029
epoch 30 step 6150 loss 0.00023
epoch 30 step 6200 loss 0.00026
epoch 30 step 6250 loss 0.00026
epoch 30 step 6300 loss 0.00021
epoch 30 step 6350 loss 0.00025
epoch 30 step 6400 loss 0.00021
epoch 30 step 6450 loss 0.00026
epoch 30 step 6500 loss 0.00022
epoch 30 step 6550 loss 0.00024
epoch 30 step 6600 loss 0.00017
epoch 30 step 6650 loss 0.00029
epoch 30 step 6700 loss 0.00022
epoch 30 step 6750 loss 0.00044
epoch 30 step 6800 loss 0.00021
epoch 30 step 6850 loss 0.00036
epoch 30 step 6900 loss 0.00025
epoch 30 step 6950 loss 0.00031
epoch 30 step 7000 loss 0.00029
epoch 30 step 7050 loss 0.00015
epoch 30 step 7100 loss 0.00022
epoch 30 step 7150 loss 0.00019
epoch 30 step 7200 loss 0.00023
epoch 30 step 7250 loss 0.00020
epoch 30 step 7300 loss 0.00025
epoch 30 step 7350 loss 0.00044
epoch 30 step 7400 loss 0.00019
epoch 30 step 7450 loss 0.00026
epoch 30 step 7500 loss 0.00019
epoch 30 step 7550 loss 0.00028
epoch 30 step 7600 loss 0.00040
epoch 30 step 7650 loss 0.00022
epoch 30 step 7700 loss 0.00015
epoch 30 step 7750 loss 0.00016
epoch 30 step 7800 loss 0.00037
epoch 30 step 7850 loss 0.00022
epoch 30 step 7900 loss 0.00025
epoch 30 step 7950 loss 0.00016
{'epoch': 30, 'train_loss': 0.0002273123952481838}
{'epoch': 30, 'val_loss': 0.00019834905398863418, 'val_pck01': 0.9981757713036837}
epoch 31 step 0 loss 0.00018
epoch 31 step 50 loss 0.00019
epoch 31 step 100 loss 0.00022
epoch 31 step 150 loss 0.00020
epoch 31 step 200 loss 0.00029
epoch 31 step 250 loss 0.00022
epoch 31 step 300 loss 0.00026
epoch 31 step 350 loss 0.00022
epoch 31 step 400 loss 0.00016
epoch 31 step 450 loss 0.00024
epoch 31 step 500 loss 0.00017
epoch 31 step 550 loss 0.00024
epoch 31 step 600 loss 0.00017
epoch 31 step 650 loss 0.00017
epoch 31 step 700 loss 0.00021
epoch 31 step 750 loss 0.00019
epoch 31 step 800 loss 0.00022
epoch 31 step 850 loss 0.00017
epoch 31 step 900 loss 0.00019
epoch 31 step 950 loss 0.00013
epoch 31 step 1000 loss 0.00034
epoch 31 step 1050 loss 0.00022
epoch 31 step 1100 loss 0.00028
epoch 31 step 1150 loss 0.00025
epoch 31 step 1200 loss 0.00023
epoch 31 step 1250 loss 0.00016
epoch 31 step 1300 loss 0.00026
epoch 31 step 1350 loss 0.00020
epoch 31 step 1400 loss 0.00022
epoch 31 step 1450 loss 0.00020
epoch 31 step 1500 loss 0.00019
epoch 31 step 1550 loss 0.00022
epoch 31 step 1600 loss 0.00015
epoch 31 step 1650 loss 0.00025
epoch 31 step 1700 loss 0.00036
epoch 31 step 1750 loss 0.00020
epoch 31 step 1800 loss 0.00034
epoch 31 step 1850 loss 0.00031
epoch 31 step 1900 loss 0.00028
epoch 31 step 1950 loss 0.00027
epoch 31 step 2000 loss 0.00016
epoch 31 step 2050 loss 0.00023
epoch 31 step 2100 loss 0.00021
epoch 31 step 2150 loss 0.00016
epoch 31 step 2200 loss 0.00027
epoch 31 step 2250 loss 0.00025
epoch 31 step 2300 loss 0.00018
epoch 31 step 2350 loss 0.00015
epoch 31 step 2400 loss 0.00023
epoch 31 step 2450 loss 0.00016
epoch 31 step 2500 loss 0.00025
epoch 31 step 2550 loss 0.00015
epoch 31 step 2600 loss 0.00032
epoch 31 step 2650 loss 0.00033
epoch 31 step 2700 loss 0.00014
epoch 31 step 2750 loss 0.00029
epoch 31 step 2800 loss 0.00018
epoch 31 step 2850 loss 0.00029
epoch 31 step 2900 loss 0.00021
epoch 31 step 2950 loss 0.00019
epoch 31 step 3000 loss 0.00030
epoch 31 step 3050 loss 0.00016
epoch 31 step 3100 loss 0.00036
epoch 31 step 3150 loss 0.00017
epoch 31 step 3200 loss 0.00026
epoch 31 step 3250 loss 0.00031
epoch 31 step 3300 loss 0.00017
epoch 31 step 3350 loss 0.00018
epoch 31 step 3400 loss 0.00025
epoch 31 step 3450 loss 0.00020
epoch 31 step 3500 loss 0.00029
epoch 31 step 3550 loss 0.00017
epoch 31 step 3600 loss 0.00027
epoch 31 step 3650 loss 0.00018
epoch 31 step 3700 loss 0.00031
epoch 31 step 3750 loss 0.00019
epoch 31 step 3800 loss 0.00030
epoch 31 step 3850 loss 0.00029
epoch 31 step 3900 loss 0.00021
epoch 31 step 3950 loss 0.00025
epoch 31 step 4000 loss 0.00024
epoch 31 step 4050 loss 0.00020
epoch 31 step 4100 loss 0.00018
epoch 31 step 4150 loss 0.00024
epoch 31 step 4200 loss 0.00020
epoch 31 step 4250 loss 0.00020
epoch 31 step 4300 loss 0.00028
epoch 31 step 4350 loss 0.00018
epoch 31 step 4400 loss 0.00018
epoch 31 step 4450 loss 0.00015
epoch 31 step 4500 loss 0.00015
epoch 31 step 4550 loss 0.00024
epoch 31 step 4600 loss 0.00023
epoch 31 step 4650 loss 0.00022
epoch 31 step 4700 loss 0.00028
epoch 31 step 4750 loss 0.00019
epoch 31 step 4800 loss 0.00021
epoch 31 step 4850 loss 0.00027
epoch 31 step 4900 loss 0.00031
epoch 31 step 4950 loss 0.00022
epoch 31 step 5000 loss 0.00023
epoch 31 step 5050 loss 0.00031
epoch 31 step 5100 loss 0.00028
epoch 31 step 5150 loss 0.00014
epoch 31 step 5200 loss 0.00022
epoch 31 step 5250 loss 0.00017
epoch 31 step 5300 loss 0.00028
epoch 31 step 5350 loss 0.00020
epoch 31 step 5400 loss 0.00022
epoch 31 step 5450 loss 0.00022
epoch 31 step 5500 loss 0.00024
epoch 31 step 5550 loss 0.00016
epoch 31 step 5600 loss 0.00020
epoch 31 step 5650 loss 0.00025
epoch 31 step 5700 loss 0.00026
epoch 31 step 5750 loss 0.00022
epoch 31 step 5800 loss 0.00023
epoch 31 step 5850 loss 0.00019
epoch 31 step 5900 loss 0.00017
epoch 31 step 5950 loss 0.00017
epoch 31 step 6000 loss 0.00026
epoch 31 step 6050 loss 0.00033
epoch 31 step 6100 loss 0.00024
epoch 31 step 6150 loss 0.00032
epoch 31 step 6200 loss 0.00027
epoch 31 step 6250 loss 0.00018
epoch 31 step 6300 loss 0.00024
epoch 31 step 6350 loss 0.00022
epoch 31 step 6400 loss 0.00020
epoch 31 step 6450 loss 0.00030
epoch 31 step 6500 loss 0.00023
epoch 31 step 6550 loss 0.00022
epoch 31 step 6600 loss 0.00022
epoch 31 step 6650 loss 0.00033
epoch 31 step 6700 loss 0.00032
epoch 31 step 6750 loss 0.00019
epoch 31 step 6800 loss 0.00020
epoch 31 step 6850 loss 0.00029
epoch 31 step 6900 loss 0.00024
epoch 31 step 6950 loss 0.00022
epoch 31 step 7000 loss 0.00016
epoch 31 step 7050 loss 0.00018
epoch 31 step 7100 loss 0.00015
epoch 31 step 7150 loss 0.00022
epoch 31 step 7200 loss 0.00018
epoch 31 step 7250 loss 0.00017
epoch 31 step 7300 loss 0.00023
epoch 31 step 7350 loss 0.00024
epoch 31 step 7400 loss 0.00014
epoch 31 step 7450 loss 0.00021
epoch 31 step 7500 loss 0.00019
epoch 31 step 7550 loss 0.00025
epoch 31 step 7600 loss 0.00022
epoch 31 step 7650 loss 0.00023
epoch 31 step 7700 loss 0.00019
epoch 31 step 7750 loss 0.00028
epoch 31 step 7800 loss 0.00034
epoch 31 step 7850 loss 0.00022
epoch 31 step 7900 loss 0.00023
epoch 31 step 7950 loss 0.00022
{'epoch': 31, 'train_loss': 0.00022804070297180053}
epoch 32 step 0 loss 0.00023
epoch 32 step 50 loss 0.00020
epoch 32 step 100 loss 0.00018
epoch 32 step 150 loss 0.00017
epoch 32 step 200 loss 0.00017
epoch 32 step 250 loss 0.00018
epoch 32 step 300 loss 0.00022
epoch 32 step 350 loss 0.00031
epoch 32 step 400 loss 0.00016
epoch 32 step 450 loss 0.00031
epoch 32 step 500 loss 0.00015
epoch 32 step 550 loss 0.00019
epoch 32 step 600 loss 0.00040
epoch 32 step 650 loss 0.00022
epoch 32 step 700 loss 0.00020
epoch 32 step 750 loss 0.00022
epoch 32 step 800 loss 0.00018
epoch 32 step 850 loss 0.00024
epoch 32 step 900 loss 0.00031
epoch 32 step 950 loss 0.00021
epoch 32 step 1000 loss 0.00022
epoch 32 step 1050 loss 0.00029
epoch 32 step 1100 loss 0.00018
epoch 32 step 1150 loss 0.00030
epoch 32 step 1200 loss 0.00022
epoch 32 step 1250 loss 0.00036
epoch 32 step 1300 loss 0.00021
epoch 32 step 1350 loss 0.00017
epoch 32 step 1400 loss 0.00024
epoch 32 step 1450 loss 0.00020
epoch 32 step 1500 loss 0.00025
epoch 32 step 1550 loss 0.00020
epoch 32 step 1600 loss 0.00037
epoch 32 step 1650 loss 0.00021
epoch 32 step 1700 loss 0.00019
epoch 32 step 1750 loss 0.00019
epoch 32 step 1800 loss 0.00020
epoch 32 step 1850 loss 0.00015
epoch 32 step 1900 loss 0.00031
epoch 32 step 1950 loss 0.00026
epoch 32 step 2000 loss 0.00024
epoch 32 step 2050 loss 0.00018
epoch 32 step 2100 loss 0.00022
epoch 32 step 2150 loss 0.00018
epoch 32 step 2200 loss 0.00018
epoch 32 step 2250 loss 0.00027
epoch 32 step 2300 loss 0.00027
epoch 32 step 2350 loss 0.00016
epoch 32 step 2400 loss 0.00015
epoch 32 step 2450 loss 0.00026
epoch 32 step 2500 loss 0.00015
epoch 32 step 2550 loss 0.00021
epoch 32 step 2600 loss 0.00024
epoch 32 step 2650 loss 0.00020
epoch 32 step 2700 loss 0.00023
epoch 32 step 2750 loss 0.00038
epoch 32 step 2800 loss 0.00019
epoch 32 step 2850 loss 0.00023
epoch 32 step 2900 loss 0.00025
epoch 32 step 2950 loss 0.00018
epoch 32 step 3000 loss 0.00019
epoch 32 step 3050 loss 0.00022
epoch 32 step 3100 loss 0.00031
epoch 32 step 3150 loss 0.00013
epoch 32 step 3200 loss 0.00043
epoch 32 step 3250 loss 0.00025
epoch 32 step 3300 loss 0.00017
epoch 32 step 3350 loss 0.00022
epoch 32 step 3400 loss 0.00018
epoch 32 step 3450 loss 0.00019
epoch 32 step 3500 loss 0.00022
epoch 32 step 3550 loss 0.00035
epoch 32 step 3600 loss 0.00036
epoch 32 step 3650 loss 0.00012
epoch 32 step 3700 loss 0.00027
epoch 32 step 3750 loss 0.00015
epoch 32 step 3800 loss 0.00027
epoch 32 step 3850 loss 0.00026
epoch 32 step 3900 loss 0.00025
epoch 32 step 3950 loss 0.00021
epoch 32 step 4000 loss 0.00021
epoch 32 step 4050 loss 0.00030
epoch 32 step 4100 loss 0.00019
epoch 32 step 4150 loss 0.00018
epoch 32 step 4200 loss 0.00034
epoch 32 step 4250 loss 0.00023
epoch 32 step 4300 loss 0.00026
epoch 32 step 4350 loss 0.00020
epoch 32 step 4400 loss 0.00019
epoch 32 step 4450 loss 0.00030
epoch 32 step 4500 loss 0.00024
epoch 32 step 4550 loss 0.00025
epoch 32 step 4600 loss 0.00020
epoch 32 step 4650 loss 0.00032
epoch 32 step 4700 loss 0.00026
epoch 32 step 4750 loss 0.00018
epoch 32 step 4800 loss 0.00026
epoch 32 step 4850 loss 0.00021
epoch 32 step 4900 loss 0.00018
epoch 32 step 4950 loss 0.00018
epoch 32 step 5000 loss 0.00027
epoch 32 step 5050 loss 0.00020
epoch 32 step 5100 loss 0.00016
epoch 32 step 5150 loss 0.00019
epoch 32 step 5200 loss 0.00021
epoch 32 step 5250 loss 0.00020
epoch 32 step 5300 loss 0.00033
epoch 32 step 5350 loss 0.00020
epoch 32 step 5400 loss 0.00019
epoch 32 step 5450 loss 0.00022
epoch 32 step 5500 loss 0.00022
epoch 32 step 5550 loss 0.00025
epoch 32 step 5600 loss 0.00025
epoch 32 step 5650 loss 0.00031
epoch 32 step 5700 loss 0.00012
epoch 32 step 5750 loss 0.00016
epoch 32 step 5800 loss 0.00022
epoch 32 step 5850 loss 0.00019
epoch 32 step 5900 loss 0.00027
epoch 32 step 5950 loss 0.00021
epoch 32 step 6000 loss 0.00018
epoch 32 step 6050 loss 0.00019
epoch 32 step 6100 loss 0.00015
epoch 32 step 6150 loss 0.00020
epoch 32 step 6200 loss 0.00024
epoch 32 step 6250 loss 0.00031
epoch 32 step 6300 loss 0.00027
epoch 32 step 6350 loss 0.00022
epoch 32 step 6400 loss 0.00025
epoch 32 step 6450 loss 0.00025
epoch 32 step 6500 loss 0.00032
epoch 32 step 6550 loss 0.00033
epoch 32 step 6600 loss 0.00027
epoch 32 step 6650 loss 0.00020
epoch 32 step 6700 loss 0.00026
epoch 32 step 6750 loss 0.00024
epoch 32 step 6800 loss 0.00024
epoch 32 step 6850 loss 0.00028
epoch 32 step 6900 loss 0.00044
epoch 32 step 6950 loss 0.00020
epoch 32 step 7000 loss 0.00030
epoch 32 step 7050 loss 0.00025
epoch 32 step 7100 loss 0.00015
epoch 32 step 7150 loss 0.00027
epoch 32 step 7200 loss 0.00021
epoch 32 step 7250 loss 0.00019
epoch 32 step 7300 loss 0.00033
epoch 32 step 7350 loss 0.00025
epoch 32 step 7400 loss 0.00031
epoch 32 step 7450 loss 0.00021
epoch 32 step 7500 loss 0.00022
epoch 32 step 7550 loss 0.00019
epoch 32 step 7600 loss 0.00016
epoch 32 step 7650 loss 0.00015
epoch 32 step 7700 loss 0.00024
epoch 32 step 7750 loss 0.00024
epoch 32 step 7800 loss 0.00021
epoch 32 step 7850 loss 0.00027
epoch 32 step 7900 loss 0.00017
epoch 32 step 7950 loss 0.00024
{'epoch': 32, 'train_loss': 0.00022715890220822621}
{'epoch': 32, 'val_loss': 0.0001966189571906816, 'val_pck01': 0.9982662699729115}
epoch 33 step 0 loss 0.00025
epoch 33 step 50 loss 0.00023
epoch 33 step 100 loss 0.00020
epoch 33 step 150 loss 0.00015
epoch 33 step 200 loss 0.00033
epoch 33 step 250 loss 0.00023
epoch 33 step 300 loss 0.00025
epoch 33 step 350 loss 0.00025
epoch 33 step 400 loss 0.00023
epoch 33 step 450 loss 0.00031
epoch 33 step 500 loss 0.00027
epoch 33 step 550 loss 0.00021
epoch 33 step 600 loss 0.00021
epoch 33 step 650 loss 0.00019
epoch 33 step 700 loss 0.00026
epoch 33 step 750 loss 0.00038
epoch 33 step 800 loss 0.00019
epoch 33 step 850 loss 0.00020
epoch 33 step 900 loss 0.00016
epoch 33 step 950 loss 0.00020
epoch 33 step 1000 loss 0.00022
epoch 33 step 1050 loss 0.00024
epoch 33 step 1100 loss 0.00026
epoch 33 step 1150 loss 0.00026
epoch 33 step 1200 loss 0.00024
epoch 33 step 1250 loss 0.00031
epoch 33 step 1300 loss 0.00022
epoch 33 step 1350 loss 0.00024
epoch 33 step 1400 loss 0.00020
epoch 33 step 1450 loss 0.00015
epoch 33 step 1500 loss 0.00021
epoch 33 step 1550 loss 0.00036
epoch 33 step 1600 loss 0.00020
epoch 33 step 1650 loss 0.00019
epoch 33 step 1700 loss 0.00038
epoch 33 step 1750 loss 0.00017
epoch 33 step 1800 loss 0.00018
epoch 33 step 1850 loss 0.00015
epoch 33 step 1900 loss 0.00029
epoch 33 step 1950 loss 0.00025
epoch 33 step 2000 loss 0.00028
epoch 33 step 2050 loss 0.00025
epoch 33 step 2100 loss 0.00036
epoch 33 step 2150 loss 0.00031
epoch 33 step 2200 loss 0.00019
epoch 33 step 2250 loss 0.00022
epoch 33 step 2300 loss 0.00041
epoch 33 step 2350 loss 0.00015
epoch 33 step 2400 loss 0.00021
epoch 33 step 2450 loss 0.00023
epoch 33 step 2500 loss 0.00016
epoch 33 step 2550 loss 0.00028
epoch 33 step 2600 loss 0.00019
epoch 33 step 2650 loss 0.00019
epoch 33 step 2700 loss 0.00021
epoch 33 step 2750 loss 0.00023
epoch 33 step 2800 loss 0.00022
epoch 33 step 2850 loss 0.00014
epoch 33 step 2900 loss 0.00023
epoch 33 step 2950 loss 0.00026
epoch 33 step 3000 loss 0.00030
epoch 33 step 3050 loss 0.00040
epoch 33 step 3100 loss 0.00027
epoch 33 step 3150 loss 0.00026
epoch 33 step 3200 loss 0.00023
epoch 33 step 3250 loss 0.00029
epoch 33 step 3300 loss 0.00016
epoch 33 step 3350 loss 0.00021
epoch 33 step 3400 loss 0.00017
epoch 33 step 3450 loss 0.00030
epoch 33 step 3500 loss 0.00024
epoch 33 step 3550 loss 0.00015
epoch 33 step 3600 loss 0.00022
epoch 33 step 3650 loss 0.00018
epoch 33 step 3700 loss 0.00030
epoch 33 step 3750 loss 0.00019
epoch 33 step 3800 loss 0.00033
epoch 33 step 3850 loss 0.00021
epoch 33 step 3900 loss 0.00015
epoch 33 step 3950 loss 0.00017
epoch 33 step 4000 loss 0.00019
epoch 33 step 4050 loss 0.00030
epoch 33 step 4100 loss 0.00024
epoch 33 step 4150 loss 0.00035
epoch 33 step 4200 loss 0.00020
epoch 33 step 4250 loss 0.00017
epoch 33 step 4300 loss 0.00034
epoch 33 step 4350 loss 0.00019
epoch 33 step 4400 loss 0.00020
epoch 33 step 4450 loss 0.00019
epoch 33 step 4500 loss 0.00017
epoch 33 step 4550 loss 0.00021
epoch 33 step 4600 loss 0.00017
epoch 33 step 4650 loss 0.00020
epoch 33 step 4700 loss 0.00036
epoch 33 step 4750 loss 0.00025
epoch 33 step 4800 loss 0.00035
epoch 33 step 4850 loss 0.00026
epoch 33 step 4900 loss 0.00016
epoch 33 step 4950 loss 0.00021
epoch 33 step 5000 loss 0.00031
epoch 33 step 5050 loss 0.00020
epoch 33 step 5100 loss 0.00018
epoch 33 step 5150 loss 0.00019
epoch 33 step 5200 loss 0.00015
epoch 33 step 5250 loss 0.00017
epoch 33 step 5300 loss 0.00024
epoch 33 step 5350 loss 0.00023
epoch 33 step 5400 loss 0.00022
epoch 33 step 5450 loss 0.00018
epoch 33 step 5500 loss 0.00016
epoch 33 step 5550 loss 0.00028
epoch 33 step 5600 loss 0.00038
epoch 33 step 5650 loss 0.00026
epoch 33 step 5700 loss 0.00026
epoch 33 step 5750 loss 0.00016
epoch 33 step 5800 loss 0.00022
epoch 33 step 5850 loss 0.00016
epoch 33 step 5900 loss 0.00021
epoch 33 step 5950 loss 0.00024
epoch 33 step 6000 loss 0.00019
epoch 33 step 6050 loss 0.00017
epoch 33 step 6100 loss 0.00028
epoch 33 step 6150 loss 0.00030
epoch 33 step 6200 loss 0.00016
epoch 33 step 6250 loss 0.00018
epoch 33 step 6300 loss 0.00023
epoch 33 step 6350 loss 0.00016
epoch 33 step 6400 loss 0.00020
epoch 33 step 6450 loss 0.00020
epoch 33 step 6500 loss 0.00027
epoch 33 step 6550 loss 0.00027
epoch 33 step 6600 loss 0.00023
epoch 33 step 6650 loss 0.00023
epoch 33 step 6700 loss 0.00026
epoch 33 step 6750 loss 0.00018
epoch 33 step 6800 loss 0.00017
epoch 33 step 6850 loss 0.00026
epoch 33 step 6900 loss 0.00025
epoch 33 step 6950 loss 0.00024
epoch 33 step 7000 loss 0.00022
epoch 33 step 7050 loss 0.00015
epoch 33 step 7100 loss 0.00032
epoch 33 step 7150 loss 0.00020
epoch 33 step 7200 loss 0.00025
epoch 33 step 7250 loss 0.00021
epoch 33 step 7300 loss 0.00023
epoch 33 step 7350 loss 0.00033
epoch 33 step 7400 loss 0.00030
epoch 33 step 7450 loss 0.00019
epoch 33 step 7500 loss 0.00026
epoch 33 step 7550 loss 0.00018
epoch 33 step 7600 loss 0.00017
epoch 33 step 7650 loss 0.00014
epoch 33 step 7700 loss 0.00017
epoch 33 step 7750 loss 0.00019
epoch 33 step 7800 loss 0.00031
epoch 33 step 7850 loss 0.00046
epoch 33 step 7900 loss 0.00017
epoch 33 step 7950 loss 0.00023
{'epoch': 33, 'train_loss': 0.00022661080833111661}
epoch 34 step 0 loss 0.00026
epoch 34 step 50 loss 0.00021
epoch 34 step 100 loss 0.00046
epoch 34 step 150 loss 0.00025
epoch 34 step 200 loss 0.00022
epoch 34 step 250 loss 0.00027
epoch 34 step 300 loss 0.00018
epoch 34 step 350 loss 0.00024
epoch 34 step 400 loss 0.00016
epoch 34 step 450 loss 0.00020
epoch 34 step 500 loss 0.00029
epoch 34 step 550 loss 0.00017
epoch 34 step 600 loss 0.00015
epoch 34 step 650 loss 0.00027
epoch 34 step 700 loss 0.00014
epoch 34 step 750 loss 0.00025
epoch 34 step 800 loss 0.00024
epoch 34 step 850 loss 0.00023
epoch 34 step 900 loss 0.00021
epoch 34 step 950 loss 0.00014
epoch 34 step 1000 loss 0.00022
epoch 34 step 1050 loss 0.00032
epoch 34 step 1100 loss 0.00024
epoch 34 step 1150 loss 0.00030
epoch 34 step 1200 loss 0.00023
epoch 34 step 1250 loss 0.00022
epoch 34 step 1300 loss 0.00025
epoch 34 step 1350 loss 0.00017
epoch 34 step 1400 loss 0.00020
epoch 34 step 1450 loss 0.00036
epoch 34 step 1500 loss 0.00020
epoch 34 step 1550 loss 0.00019
epoch 34 step 1600 loss 0.00019
epoch 34 step 1650 loss 0.00021
epoch 34 step 1700 loss 0.00034
epoch 34 step 1750 loss 0.00027
epoch 34 step 1800 loss 0.00019
epoch 34 step 1850 loss 0.00024
epoch 34 step 1900 loss 0.00026
epoch 34 step 1950 loss 0.00029
epoch 34 step 2000 loss 0.00028
epoch 34 step 2050 loss 0.00022
epoch 34 step 2100 loss 0.00019
epoch 34 step 2150 loss 0.00026
epoch 34 step 2200 loss 0.00018
epoch 34 step 2250 loss 0.00024
epoch 34 step 2300 loss 0.00030
epoch 34 step 2350 loss 0.00019
epoch 34 step 2400 loss 0.00020
epoch 34 step 2450 loss 0.00020
epoch 34 step 2500 loss 0.00024
epoch 34 step 2550 loss 0.00025
epoch 34 step 2600 loss 0.00042
epoch 34 step 2650 loss 0.00014
epoch 34 step 2700 loss 0.00018
epoch 34 step 2750 loss 0.00023
epoch 34 step 2800 loss 0.00018
epoch 34 step 2850 loss 0.00013
epoch 34 step 2900 loss 0.00020
epoch 34 step 2950 loss 0.00025
epoch 34 step 3000 loss 0.00026
epoch 34 step 3050 loss 0.00026
epoch 34 step 3100 loss 0.00020
epoch 34 step 3150 loss 0.00025
epoch 34 step 3200 loss 0.00022
epoch 34 step 3250 loss 0.00017
epoch 34 step 3300 loss 0.00015
epoch 34 step 3350 loss 0.00025
epoch 34 step 3400 loss 0.00015
epoch 34 step 3450 loss 0.00018
epoch 34 step 3500 loss 0.00024
epoch 34 step 3550 loss 0.00028
epoch 34 step 3600 loss 0.00013
epoch 34 step 3650 loss 0.00028
epoch 34 step 3700 loss 0.00022
epoch 34 step 3750 loss 0.00022
epoch 34 step 3800 loss 0.00017
epoch 34 step 3850 loss 0.00025
epoch 34 step 3900 loss 0.00020
epoch 34 step 3950 loss 0.00018
epoch 34 step 4000 loss 0.00021
epoch 34 step 4050 loss 0.00020
epoch 34 step 4100 loss 0.00021
epoch 34 step 4150 loss 0.00025
epoch 34 step 4200 loss 0.00025
epoch 34 step 4250 loss 0.00022
epoch 34 step 4300 loss 0.00026
epoch 34 step 4350 loss 0.00040
epoch 34 step 4400 loss 0.00022
epoch 34 step 4450 loss 0.00023
epoch 34 step 4500 loss 0.00017
epoch 34 step 4550 loss 0.00021
epoch 34 step 4600 loss 0.00022
epoch 34 step 4650 loss 0.00033
epoch 34 step 4700 loss 0.00020
epoch 34 step 4750 loss 0.00021
epoch 34 step 4800 loss 0.00015
epoch 34 step 4850 loss 0.00029
epoch 34 step 4900 loss 0.00030
epoch 34 step 4950 loss 0.00018
epoch 34 step 5000 loss 0.00016
epoch 34 step 5050 loss 0.00021
epoch 34 step 5100 loss 0.00019
epoch 34 step 5150 loss 0.00029
epoch 34 step 5200 loss 0.00028
epoch 34 step 5250 loss 0.00014
epoch 34 step 5300 loss 0.00022
epoch 34 step 5350 loss 0.00020
epoch 34 step 5400 loss 0.00018
epoch 34 step 5450 loss 0.00022
epoch 34 step 5500 loss 0.00016
epoch 34 step 5550 loss 0.00018
epoch 34 step 5600 loss 0.00017
epoch 34 step 5650 loss 0.00021
epoch 34 step 5700 loss 0.00038
epoch 34 step 5750 loss 0.00026
epoch 34 step 5800 loss 0.00019
epoch 34 step 5850 loss 0.00015
epoch 34 step 5900 loss 0.00024
epoch 34 step 5950 loss 0.00017
epoch 34 step 6000 loss 0.00022
epoch 34 step 6050 loss 0.00021
epoch 34 step 6100 loss 0.00023
epoch 34 step 6150 loss 0.00020
epoch 34 step 6200 loss 0.00012
epoch 34 step 6250 loss 0.00019
epoch 34 step 6300 loss 0.00027
epoch 34 step 6350 loss 0.00030
epoch 34 step 6400 loss 0.00014
epoch 34 step 6450 loss 0.00025
epoch 34 step 6500 loss 0.00017
epoch 34 step 6550 loss 0.00018
epoch 34 step 6600 loss 0.00030
epoch 34 step 6650 loss 0.00019
epoch 34 step 6700 loss 0.00022
epoch 34 step 6750 loss 0.00029
epoch 34 step 6800 loss 0.00027
epoch 34 step 6850 loss 0.00025
epoch 34 step 6900 loss 0.00017
epoch 34 step 6950 loss 0.00023
epoch 34 step 7000 loss 0.00039
epoch 34 step 7050 loss 0.00034
epoch 34 step 7100 loss 0.00019
epoch 34 step 7150 loss 0.00028
epoch 34 step 7200 loss 0.00019
epoch 34 step 7250 loss 0.00040
epoch 34 step 7300 loss 0.00019
epoch 34 step 7350 loss 0.00019
epoch 34 step 7400 loss 0.00027
epoch 34 step 7450 loss 0.00021
epoch 34 step 7500 loss 0.00033
epoch 34 step 7550 loss 0.00030
epoch 34 step 7600 loss 0.00016
epoch 34 step 7650 loss 0.00027
epoch 34 step 7700 loss 0.00019
epoch 34 step 7750 loss 0.00024
epoch 34 step 7800 loss 0.00032
epoch 34 step 7850 loss 0.00020
epoch 34 step 7900 loss 0.00020
epoch 34 step 7950 loss 0.00016
{'epoch': 34, 'train_loss': 0.00022605235745823665}
{'epoch': 34, 'val_loss': 0.00019703420962328776, 'val_pck01': 0.9981817646550948}
epoch 35 step 0 loss 0.00029
epoch 35 step 50 loss 0.00027
epoch 35 step 100 loss 0.00026
epoch 35 step 150 loss 0.00032
epoch 35 step 200 loss 0.00022
epoch 35 step 250 loss 0.00017
epoch 35 step 300 loss 0.00022
epoch 35 step 350 loss 0.00030
epoch 35 step 400 loss 0.00022
epoch 35 step 450 loss 0.00017
epoch 35 step 500 loss 0.00031
epoch 35 step 550 loss 0.00015
epoch 35 step 600 loss 0.00026
epoch 35 step 650 loss 0.00025
epoch 35 step 700 loss 0.00015
epoch 35 step 750 loss 0.00028
epoch 35 step 800 loss 0.00029
epoch 35 step 850 loss 0.00015
epoch 35 step 900 loss 0.00020
epoch 35 step 950 loss 0.00031
epoch 35 step 1000 loss 0.00021
epoch 35 step 1050 loss 0.00027
epoch 35 step 1100 loss 0.00028
epoch 35 step 1150 loss 0.00030
epoch 35 step 1200 loss 0.00023
epoch 35 step 1250 loss 0.00023
epoch 35 step 1300 loss 0.00019
epoch 35 step 1350 loss 0.00030
epoch 35 step 1400 loss 0.00014
epoch 35 step 1450 loss 0.00025
epoch 35 step 1500 loss 0.00023
epoch 35 step 1550 loss 0.00024
epoch 35 step 1600 loss 0.00019
epoch 35 step 1650 loss 0.00025
epoch 35 step 1700 loss 0.00020
epoch 35 step 1750 loss 0.00024
epoch 35 step 1800 loss 0.00027
epoch 35 step 1850 loss 0.00020
epoch 35 step 1900 loss 0.00019
epoch 35 step 1950 loss 0.00036
epoch 35 step 2000 loss 0.00015
epoch 35 step 2050 loss 0.00018
epoch 35 step 2100 loss 0.00015
epoch 35 step 2150 loss 0.00018
epoch 35 step 2200 loss 0.00026
epoch 35 step 2250 loss 0.00020
epoch 35 step 2300 loss 0.00031
epoch 35 step 2350 loss 0.00025
epoch 35 step 2400 loss 0.00045
epoch 35 step 2450 loss 0.00018
epoch 35 step 2500 loss 0.00045
epoch 35 step 2550 loss 0.00033
epoch 35 step 2600 loss 0.00019
epoch 35 step 2650 loss 0.00022
epoch 35 step 2700 loss 0.00026
epoch 35 step 2750 loss 0.00024
epoch 35 step 2800 loss 0.00016
epoch 35 step 2850 loss 0.00028
epoch 35 step 2900 loss 0.00022
epoch 35 step 2950 loss 0.00030
epoch 35 step 3000 loss 0.00015
epoch 35 step 3050 loss 0.00014
epoch 35 step 3100 loss 0.00015
epoch 35 step 3150 loss 0.00021
epoch 35 step 3200 loss 0.00017
epoch 35 step 3250 loss 0.00020
epoch 35 step 3300 loss 0.00024
epoch 35 step 3350 loss 0.00014
epoch 35 step 3400 loss 0.00021
epoch 35 step 3450 loss 0.00021
epoch 35 step 3500 loss 0.00031
epoch 35 step 3550 loss 0.00026
epoch 35 step 3600 loss 0.00028
epoch 35 step 3650 loss 0.00020
epoch 35 step 3700 loss 0.00019
epoch 35 step 3750 loss 0.00013
epoch 35 step 3800 loss 0.00051
epoch 35 step 3850 loss 0.00031
epoch 35 step 3900 loss 0.00022
epoch 35 step 3950 loss 0.00017
epoch 35 step 4000 loss 0.00033
epoch 35 step 4050 loss 0.00038
epoch 35 step 4100 loss 0.00027
epoch 35 step 4150 loss 0.00022
epoch 35 step 4200 loss 0.00042
epoch 35 step 4250 loss 0.00018
epoch 35 step 4300 loss 0.00015
epoch 35 step 4350 loss 0.00021
epoch 35 step 4400 loss 0.00018
epoch 35 step 4450 loss 0.00024
epoch 35 step 4500 loss 0.00025
epoch 35 step 4550 loss 0.00023
epoch 35 step 4600 loss 0.00017
epoch 35 step 4650 loss 0.00034
epoch 35 step 4700 loss 0.00015
epoch 35 step 4750 loss 0.00014
epoch 35 step 4800 loss 0.00018
epoch 35 step 4850 loss 0.00018
epoch 35 step 4900 loss 0.00029
epoch 35 step 4950 loss 0.00020
epoch 35 step 5000 loss 0.00018
epoch 35 step 5050 loss 0.00021
epoch 35 step 5100 loss 0.00022
epoch 35 step 5150 loss 0.00028
epoch 35 step 5200 loss 0.00037
epoch 35 step 5250 loss 0.00027
epoch 35 step 5300 loss 0.00024
epoch 35 step 5350 loss 0.00015
epoch 35 step 5400 loss 0.00017
epoch 35 step 5450 loss 0.00021
epoch 35 step 5500 loss 0.00036
epoch 35 step 5550 loss 0.00017
epoch 35 step 5600 loss 0.00023
epoch 35 step 5650 loss 0.00017
epoch 35 step 5700 loss 0.00022
epoch 35 step 5750 loss 0.00028
epoch 35 step 5800 loss 0.00023
epoch 35 step 5850 loss 0.00021
epoch 35 step 5900 loss 0.00018
epoch 35 step 5950 loss 0.00017
epoch 35 step 6000 loss 0.00023
epoch 35 step 6050 loss 0.00015
epoch 35 step 6100 loss 0.00018
epoch 35 step 6150 loss 0.00019
epoch 35 step 6200 loss 0.00015
epoch 35 step 6250 loss 0.00020
epoch 35 step 6300 loss 0.00016
epoch 35 step 6350 loss 0.00020
epoch 35 step 6400 loss 0.00019
epoch 35 step 6450 loss 0.00022
epoch 35 step 6500 loss 0.00016
epoch 35 step 6550 loss 0.00022
epoch 35 step 6600 loss 0.00028
epoch 35 step 6650 loss 0.00040
epoch 35 step 6700 loss 0.00015
epoch 35 step 6750 loss 0.00018
epoch 35 step 6800 loss 0.00025
epoch 35 step 6850 loss 0.00024
epoch 35 step 6900 loss 0.00015
epoch 35 step 6950 loss 0.00015
epoch 35 step 7000 loss 0.00014
epoch 35 step 7050 loss 0.00023
epoch 35 step 7100 loss 0.00027
epoch 35 step 7150 loss 0.00023
epoch 35 step 7200 loss 0.00034
epoch 35 step 7250 loss 0.00021
epoch 35 step 7300 loss 0.00035
epoch 35 step 7350 loss 0.00035
epoch 35 step 7400 loss 0.00023
epoch 35 step 7450 loss 0.00021
epoch 35 step 7500 loss 0.00017
epoch 35 step 7550 loss 0.00017
epoch 35 step 7600 loss 0.00021
epoch 35 step 7650 loss 0.00017
epoch 35 step 7700 loss 0.00021
epoch 35 step 7750 loss 0.00017
epoch 35 step 7800 loss 0.00018
epoch 35 step 7850 loss 0.00028
epoch 35 step 7900 loss 0.00020
epoch 35 step 7950 loss 0.00032
{'epoch': 35, 'train_loss': 0.00022512921119775164}
epoch 36 step 0 loss 0.00015
epoch 36 step 50 loss 0.00024
epoch 36 step 100 loss 0.00024
epoch 36 step 150 loss 0.00016
epoch 36 step 200 loss 0.00017
epoch 36 step 250 loss 0.00030
epoch 36 step 300 loss 0.00023
epoch 36 step 350 loss 0.00017
epoch 36 step 400 loss 0.00023
epoch 36 step 450 loss 0.00017
epoch 36 step 500 loss 0.00027
epoch 36 step 550 loss 0.00027
epoch 36 step 600 loss 0.00018
epoch 36 step 650 loss 0.00018
epoch 36 step 700 loss 0.00017
epoch 36 step 750 loss 0.00020
epoch 36 step 800 loss 0.00016
epoch 36 step 850 loss 0.00022
epoch 36 step 900 loss 0.00020
epoch 36 step 950 loss 0.00023
epoch 36 step 1000 loss 0.00023
epoch 36 step 1050 loss 0.00033
epoch 36 step 1100 loss 0.00036
epoch 36 step 1150 loss 0.00018
epoch 36 step 1200 loss 0.00025
epoch 36 step 1250 loss 0.00029
epoch 36 step 1300 loss 0.00023
epoch 36 step 1350 loss 0.00019
epoch 36 step 1400 loss 0.00026
epoch 36 step 1450 loss 0.00031
epoch 36 step 1500 loss 0.00021
epoch 36 step 1550 loss 0.00026
epoch 36 step 1600 loss 0.00021
epoch 36 step 1650 loss 0.00018
epoch 36 step 1700 loss 0.00020
epoch 36 step 1750 loss 0.00021
epoch 36 step 1800 loss 0.00015
epoch 36 step 1850 loss 0.00028
epoch 36 step 1900 loss 0.00035
epoch 36 step 1950 loss 0.00024
epoch 36 step 2000 loss 0.00019
epoch 36 step 2050 loss 0.00019
epoch 36 step 2100 loss 0.00025
epoch 36 step 2150 loss 0.00019
epoch 36 step 2200 loss 0.00023
epoch 36 step 2250 loss 0.00019
epoch 36 step 2300 loss 0.00018
epoch 36 step 2350 loss 0.00028
epoch 36 step 2400 loss 0.00022
epoch 36 step 2450 loss 0.00027
epoch 36 step 2500 loss 0.00019
epoch 36 step 2550 loss 0.00018
epoch 36 step 2600 loss 0.00033
epoch 36 step 2650 loss 0.00026
epoch 36 step 2700 loss 0.00025
epoch 36 step 2750 loss 0.00020
epoch 36 step 2800 loss 0.00016
epoch 36 step 2850 loss 0.00023
epoch 36 step 2900 loss 0.00019
epoch 36 step 2950 loss 0.00025
epoch 36 step 3000 loss 0.00015
epoch 36 step 3050 loss 0.00020
epoch 36 step 3100 loss 0.00028
epoch 36 step 3150 loss 0.00028
epoch 36 step 3200 loss 0.00038
epoch 36 step 3250 loss 0.00026
epoch 36 step 3300 loss 0.00025
epoch 36 step 3350 loss 0.00037
epoch 36 step 3400 loss 0.00026
epoch 36 step 3450 loss 0.00020
epoch 36 step 3500 loss 0.00023
epoch 36 step 3550 loss 0.00020
epoch 36 step 3600 loss 0.00017
epoch 36 step 3650 loss 0.00020
epoch 36 step 3700 loss 0.00025
epoch 36 step 3750 loss 0.00042
epoch 36 step 3800 loss 0.00022
epoch 36 step 3850 loss 0.00028
epoch 36 step 3900 loss 0.00020
epoch 36 step 3950 loss 0.00023
epoch 36 step 4000 loss 0.00028
epoch 36 step 4050 loss 0.00016
epoch 36 step 4100 loss 0.00023
epoch 36 step 4150 loss 0.00018
epoch 36 step 4200 loss 0.00024
epoch 36 step 4250 loss 0.00019
epoch 36 step 4300 loss 0.00023
epoch 36 step 4350 loss 0.00017
epoch 36 step 4400 loss 0.00013
epoch 36 step 4450 loss 0.00025
epoch 36 step 4500 loss 0.00017
epoch 36 step 4550 loss 0.00019
epoch 36 step 4600 loss 0.00036
epoch 36 step 4650 loss 0.00011
epoch 36 step 4700 loss 0.00039
epoch 36 step 4750 loss 0.00015
epoch 36 step 4800 loss 0.00018
epoch 36 step 4850 loss 0.00018
epoch 36 step 4900 loss 0.00035
epoch 36 step 4950 loss 0.00022
epoch 36 step 5000 loss 0.00023
epoch 36 step 5050 loss 0.00022
epoch 36 step 5100 loss 0.00027
epoch 36 step 5150 loss 0.00023
epoch 36 step 5200 loss 0.00026
epoch 36 step 5250 loss 0.00027
epoch 36 step 5300 loss 0.00036
epoch 36 step 5350 loss 0.00015
epoch 36 step 5400 loss 0.00035
epoch 36 step 5450 loss 0.00031
epoch 36 step 5500 loss 0.00016
epoch 36 step 5550 loss 0.00023
epoch 36 step 5600 loss 0.00018
epoch 36 step 5650 loss 0.00025
epoch 36 step 5700 loss 0.00016
epoch 36 step 5750 loss 0.00021
epoch 36 step 5800 loss 0.00032
epoch 36 step 5850 loss 0.00033
epoch 36 step 5900 loss 0.00033
epoch 36 step 5950 loss 0.00019
epoch 36 step 6000 loss 0.00034
epoch 36 step 6050 loss 0.00015
epoch 36 step 6100 loss 0.00021
epoch 36 step 6150 loss 0.00028
epoch 36 step 6200 loss 0.00023
epoch 36 step 6250 loss 0.00016
epoch 36 step 6300 loss 0.00015
epoch 36 step 6350 loss 0.00023
epoch 36 step 6400 loss 0.00035
epoch 36 step 6450 loss 0.00014
epoch 36 step 6500 loss 0.00016
epoch 36 step 6550 loss 0.00015
epoch 36 step 6600 loss 0.00021
epoch 36 step 6650 loss 0.00022
epoch 36 step 6700 loss 0.00020
epoch 36 step 6750 loss 0.00020
epoch 36 step 6800 loss 0.00023
epoch 36 step 6850 loss 0.00025
epoch 36 step 6900 loss 0.00019
epoch 36 step 6950 loss 0.00017
epoch 36 step 7000 loss 0.00022
epoch 36 step 7050 loss 0.00013
epoch 36 step 7100 loss 0.00020
epoch 36 step 7150 loss 0.00017
epoch 36 step 7200 loss 0.00020
epoch 36 step 7250 loss 0.00033
epoch 36 step 7300 loss 0.00032
epoch 36 step 7350 loss 0.00030
epoch 36 step 7400 loss 0.00026
epoch 36 step 7450 loss 0.00029
epoch 36 step 7500 loss 0.00016
epoch 36 step 7550 loss 0.00028
epoch 36 step 7600 loss 0.00034
epoch 36 step 7650 loss 0.00024
epoch 36 step 7700 loss 0.00015
epoch 36 step 7750 loss 0.00016
epoch 36 step 7800 loss 0.00016
epoch 36 step 7850 loss 0.00018
epoch 36 step 7900 loss 0.00018
epoch 36 step 7950 loss 0.00024
{'epoch': 36, 'train_loss': 0.0002236165095368419}
{'epoch': 36, 'val_loss': 0.0001961734957354043, 'val_pck01': 0.9982419734906866}
epoch 37 step 0 loss 0.00022
epoch 37 step 50 loss 0.00030
epoch 37 step 100 loss 0.00038
epoch 37 step 150 loss 0.00019
epoch 37 step 200 loss 0.00021
epoch 37 step 250 loss 0.00021
epoch 37 step 300 loss 0.00017
epoch 37 step 350 loss 0.00022
epoch 37 step 400 loss 0.00023
epoch 37 step 450 loss 0.00027
epoch 37 step 500 loss 0.00019
epoch 37 step 550 loss 0.00017
epoch 37 step 600 loss 0.00022
epoch 37 step 650 loss 0.00020
epoch 37 step 700 loss 0.00012
epoch 37 step 750 loss 0.00028
epoch 37 step 800 loss 0.00019
epoch 37 step 850 loss 0.00020
epoch 37 step 900 loss 0.00027
epoch 37 step 950 loss 0.00015
epoch 37 step 1000 loss 0.00028
epoch 37 step 1050 loss 0.00024
epoch 37 step 1100 loss 0.00026
epoch 37 step 1150 loss 0.00014
epoch 37 step 1200 loss 0.00022
epoch 37 step 1250 loss 0.00022
epoch 37 step 1300 loss 0.00025
epoch 37 step 1350 loss 0.00021
epoch 37 step 1400 loss 0.00015
epoch 37 step 1450 loss 0.00024
epoch 37 step 1500 loss 0.00015
epoch 37 step 1550 loss 0.00019
epoch 37 step 1600 loss 0.00015
epoch 37 step 1650 loss 0.00029
epoch 37 step 1700 loss 0.00021
epoch 37 step 1750 loss 0.00021
epoch 37 step 1800 loss 0.00020
epoch 37 step 1850 loss 0.00017
epoch 37 step 1900 loss 0.00027
epoch 37 step 1950 loss 0.00023
epoch 37 step 2000 loss 0.00018
epoch 37 step 2050 loss 0.00017
epoch 37 step 2100 loss 0.00013
epoch 37 step 2150 loss 0.00022
epoch 37 step 2200 loss 0.00017
epoch 37 step 2250 loss 0.00021
epoch 37 step 2300 loss 0.00025
epoch 37 step 2350 loss 0.00026
epoch 37 step 2400 loss 0.00023
epoch 37 step 2450 loss 0.00021
epoch 37 step 2500 loss 0.00015
epoch 37 step 2550 loss 0.00024
epoch 37 step 2600 loss 0.00022
epoch 37 step 2650 loss 0.00019
epoch 37 step 2700 loss 0.00025
epoch 37 step 2750 loss 0.00024
epoch 37 step 2800 loss 0.00017
epoch 37 step 2850 loss 0.00015
epoch 37 step 2900 loss 0.00036
epoch 37 step 2950 loss 0.00024
epoch 37 step 3000 loss 0.00015
epoch 37 step 3050 loss 0.00019
epoch 37 step 3100 loss 0.00023
epoch 37 step 3150 loss 0.00025
epoch 37 step 3200 loss 0.00021
epoch 37 step 3250 loss 0.00022
epoch 37 step 3300 loss 0.00019
epoch 37 step 3350 loss 0.00022
epoch 37 step 3400 loss 0.00030
epoch 37 step 3450 loss 0.00034
epoch 37 step 3500 loss 0.00027
epoch 37 step 3550 loss 0.00022
epoch 37 step 3600 loss 0.00019
epoch 37 step 3650 loss 0.00021
epoch 37 step 3700 loss 0.00018
epoch 37 step 3750 loss 0.00024
epoch 37 step 3800 loss 0.00017
epoch 37 step 3850 loss 0.00029
epoch 37 step 3900 loss 0.00019
epoch 37 step 3950 loss 0.00019
epoch 37 step 4000 loss 0.00017
epoch 37 step 4050 loss 0.00017
epoch 37 step 4100 loss 0.00022
epoch 37 step 4150 loss 0.00025
epoch 37 step 4200 loss 0.00027
epoch 37 step 4250 loss 0.00032
epoch 37 step 4300 loss 0.00035
epoch 37 step 4350 loss 0.00022
epoch 37 step 4400 loss 0.00019
epoch 37 step 4450 loss 0.00031
epoch 37 step 4500 loss 0.00036
epoch 37 step 4550 loss 0.00020
epoch 37 step 4600 loss 0.00018
epoch 37 step 4650 loss 0.00017
epoch 37 step 4700 loss 0.00030
epoch 37 step 4750 loss 0.00025
epoch 37 step 4800 loss 0.00022
epoch 37 step 4850 loss 0.00030
epoch 37 step 4900 loss 0.00015
epoch 37 step 4950 loss 0.00014
epoch 37 step 5000 loss 0.00025
epoch 37 step 5050 loss 0.00030
epoch 37 step 5100 loss 0.00019
epoch 37 step 5150 loss 0.00029
epoch 37 step 5200 loss 0.00022
epoch 37 step 5250 loss 0.00026
epoch 37 step 5300 loss 0.00026
epoch 37 step 5350 loss 0.00022
epoch 37 step 5400 loss 0.00023
epoch 37 step 5450 loss 0.00020
epoch 37 step 5500 loss 0.00033
epoch 37 step 5550 loss 0.00016
epoch 37 step 5600 loss 0.00030
epoch 37 step 5650 loss 0.00024
epoch 37 step 5700 loss 0.00023
epoch 37 step 5750 loss 0.00021
epoch 37 step 5800 loss 0.00026
epoch 37 step 5850 loss 0.00022
epoch 37 step 5900 loss 0.00021
epoch 37 step 5950 loss 0.00018
epoch 37 step 6000 loss 0.00028
epoch 37 step 6050 loss 0.00021
epoch 37 step 6100 loss 0.00025
epoch 37 step 6150 loss 0.00030
epoch 37 step 6200 loss 0.00022
epoch 37 step 6250 loss 0.00023
epoch 37 step 6300 loss 0.00019
epoch 37 step 6350 loss 0.00022
epoch 37 step 6400 loss 0.00017
epoch 37 step 6450 loss 0.00018
epoch 37 step 6500 loss 0.00029
epoch 37 step 6550 loss 0.00021
epoch 37 step 6600 loss 0.00022
epoch 37 step 6650 loss 0.00021
epoch 37 step 6700 loss 0.00014
epoch 37 step 6750 loss 0.00016
epoch 37 step 6800 loss 0.00040
epoch 37 step 6850 loss 0.00043
epoch 37 step 6900 loss 0.00027
epoch 37 step 6950 loss 0.00022
epoch 37 step 7000 loss 0.00021
epoch 37 step 7050 loss 0.00022
epoch 37 step 7100 loss 0.00019
epoch 37 step 7150 loss 0.00028
epoch 37 step 7200 loss 0.00022
epoch 37 step 7250 loss 0.00025
epoch 37 step 7300 loss 0.00038
epoch 37 step 7350 loss 0.00015
epoch 37 step 7400 loss 0.00016
epoch 37 step 7450 loss 0.00024
epoch 37 step 7500 loss 0.00021
epoch 37 step 7550 loss 0.00018
epoch 37 step 7600 loss 0.00020
epoch 37 step 7650 loss 0.00025
epoch 37 step 7700 loss 0.00023
epoch 37 step 7750 loss 0.00021
epoch 37 step 7800 loss 0.00021
epoch 37 step 7850 loss 0.00020
epoch 37 step 7900 loss 0.00027
epoch 37 step 7950 loss 0.00015
{'epoch': 37, 'train_loss': 0.0002249729886332204}
epoch 38 step 0 loss 0.00025
epoch 38 step 50 loss 0.00023
epoch 38 step 100 loss 0.00029
epoch 38 step 150 loss 0.00016
epoch 38 step 200 loss 0.00021
epoch 38 step 250 loss 0.00024
epoch 38 step 300 loss 0.00021
epoch 38 step 350 loss 0.00020
epoch 38 step 400 loss 0.00013
epoch 38 step 450 loss 0.00028
epoch 38 step 500 loss 0.00020
epoch 38 step 550 loss 0.00024
epoch 38 step 600 loss 0.00027
epoch 38 step 650 loss 0.00027
epoch 38 step 700 loss 0.00032
epoch 38 step 750 loss 0.00013
epoch 38 step 800 loss 0.00016
epoch 38 step 850 loss 0.00021
epoch 38 step 900 loss 0.00018
epoch 38 step 950 loss 0.00021
epoch 38 step 1000 loss 0.00035
epoch 38 step 1050 loss 0.00018
epoch 38 step 1100 loss 0.00039
epoch 38 step 1150 loss 0.00029
epoch 38 step 1200 loss 0.00026
epoch 38 step 1250 loss 0.00013
epoch 38 step 1300 loss 0.00015
epoch 38 step 1350 loss 0.00022
epoch 38 step 1400 loss 0.00017
epoch 38 step 1450 loss 0.00017
epoch 38 step 1500 loss 0.00024
epoch 38 step 1550 loss 0.00020
epoch 38 step 1600 loss 0.00042
epoch 38 step 1650 loss 0.00019
epoch 38 step 1700 loss 0.00018
epoch 38 step 1750 loss 0.00015
epoch 38 step 1800 loss 0.00022
epoch 38 step 1850 loss 0.00033
epoch 38 step 1900 loss 0.00030
epoch 38 step 1950 loss 0.00021
epoch 38 step 2000 loss 0.00028
epoch 38 step 2050 loss 0.00041
epoch 38 step 2100 loss 0.00027
epoch 38 step 2150 loss 0.00017
epoch 38 step 2200 loss 0.00021
epoch 38 step 2250 loss 0.00017
epoch 38 step 2300 loss 0.00026
epoch 38 step 2350 loss 0.00024
epoch 38 step 2400 loss 0.00024
epoch 38 step 2450 loss 0.00029
epoch 38 step 2500 loss 0.00014
epoch 38 step 2550 loss 0.00015
epoch 38 step 2600 loss 0.00025
epoch 38 step 2650 loss 0.00018
epoch 38 step 2700 loss 0.00026
epoch 38 step 2750 loss 0.00013
epoch 38 step 2800 loss 0.00026
epoch 38 step 2850 loss 0.00014
epoch 38 step 2900 loss 0.00018
epoch 38 step 2950 loss 0.00039
epoch 38 step 3000 loss 0.00019
epoch 38 step 3050 loss 0.00023
epoch 38 step 3100 loss 0.00026
epoch 38 step 3150 loss 0.00015
epoch 38 step 3200 loss 0.00024
epoch 38 step 3250 loss 0.00024
epoch 38 step 3300 loss 0.00018
epoch 38 step 3350 loss 0.00031
epoch 38 step 3400 loss 0.00028
epoch 38 step 3450 loss 0.00029
epoch 38 step 3500 loss 0.00036
epoch 38 step 3550 loss 0.00032
epoch 38 step 3600 loss 0.00032
epoch 38 step 3650 loss 0.00030
epoch 38 step 3700 loss 0.00030
epoch 38 step 3750 loss 0.00015
epoch 38 step 3800 loss 0.00016
epoch 38 step 3850 loss 0.00019
epoch 38 step 3900 loss 0.00029
epoch 38 step 3950 loss 0.00028
epoch 38 step 4000 loss 0.00023
epoch 38 step 4050 loss 0.00017
epoch 38 step 4100 loss 0.00019
epoch 38 step 4150 loss 0.00027
epoch 38 step 4200 loss 0.00021
epoch 38 step 4250 loss 0.00022
epoch 38 step 4300 loss 0.00022
epoch 38 step 4350 loss 0.00017
epoch 38 step 4400 loss 0.00044
epoch 38 step 4450 loss 0.00021
epoch 38 step 4500 loss 0.00027
epoch 38 step 4550 loss 0.00016
epoch 38 step 4600 loss 0.00015
epoch 38 step 4650 loss 0.00030
epoch 38 step 4700 loss 0.00017
epoch 38 step 4750 loss 0.00022
epoch 38 step 4800 loss 0.00021
epoch 38 step 4850 loss 0.00019
epoch 38 step 4900 loss 0.00032
epoch 38 step 4950 loss 0.00034
epoch 38 step 5000 loss 0.00019
epoch 38 step 5050 loss 0.00024
epoch 38 step 5100 loss 0.00030
epoch 38 step 5150 loss 0.00014
epoch 38 step 5200 loss 0.00022
epoch 38 step 5250 loss 0.00020
epoch 38 step 5300 loss 0.00031
epoch 38 step 5350 loss 0.00036
epoch 38 step 5400 loss 0.00024
epoch 38 step 5450 loss 0.00031
epoch 38 step 5500 loss 0.00018
epoch 38 step 5550 loss 0.00020
epoch 38 step 5600 loss 0.00020
epoch 38 step 5650 loss 0.00039
epoch 38 step 5700 loss 0.00016
epoch 38 step 5750 loss 0.00016
epoch 38 step 5800 loss 0.00022
epoch 38 step 5850 loss 0.00022
epoch 38 step 5900 loss 0.00027
epoch 38 step 5950 loss 0.00018
epoch 38 step 6000 loss 0.00021
epoch 38 step 6050 loss 0.00020
epoch 38 step 6100 loss 0.00029
epoch 38 step 6150 loss 0.00021
epoch 38 step 6200 loss 0.00018
epoch 38 step 6250 loss 0.00019
epoch 38 step 6300 loss 0.00016
epoch 38 step 6350 loss 0.00015
epoch 38 step 6400 loss 0.00017
epoch 38 step 6450 loss 0.00018
epoch 38 step 6500 loss 0.00031
epoch 38 step 6550 loss 0.00022
epoch 38 step 6600 loss 0.00018
epoch 38 step 6650 loss 0.00021
epoch 38 step 6700 loss 0.00029
epoch 38 step 6750 loss 0.00032
epoch 38 step 6800 loss 0.00015
epoch 38 step 6850 loss 0.00020
epoch 38 step 6900 loss 0.00026
epoch 38 step 6950 loss 0.00018
epoch 38 step 7000 loss 0.00036
epoch 38 step 7050 loss 0.00019
epoch 38 step 7100 loss 0.00016
epoch 38 step 7150 loss 0.00030
epoch 38 step 7200 loss 0.00019
epoch 38 step 7250 loss 0.00033
epoch 38 step 7300 loss 0.00018
epoch 38 step 7350 loss 0.00018
epoch 38 step 7400 loss 0.00016
epoch 38 step 7450 loss 0.00020
epoch 38 step 7500 loss 0.00024
epoch 38 step 7550 loss 0.00020
epoch 38 step 7600 loss 0.00028
epoch 38 step 7650 loss 0.00016
epoch 38 step 7700 loss 0.00027
epoch 38 step 7750 loss 0.00028
epoch 38 step 7800 loss 0.00019
epoch 38 step 7850 loss 0.00027
epoch 38 step 7900 loss 0.00019
epoch 38 step 7950 loss 0.00020
{'epoch': 38, 'train_loss': 0.00022436382533505843}
{'epoch': 38, 'val_loss': 0.00019651501451946703, 'val_pck01': 0.9981962444412193}
epoch 39 step 0 loss 0.00018
epoch 39 step 50 loss 0.00015
epoch 39 step 100 loss 0.00017
epoch 39 step 150 loss 0.00026
epoch 39 step 200 loss 0.00016
epoch 39 step 250 loss 0.00031
epoch 39 step 300 loss 0.00022
epoch 39 step 350 loss 0.00021
epoch 39 step 400 loss 0.00029
epoch 39 step 450 loss 0.00016
epoch 39 step 500 loss 0.00027
epoch 39 step 550 loss 0.00032
epoch 39 step 600 loss 0.00027
epoch 39 step 650 loss 0.00027
epoch 39 step 700 loss 0.00015
epoch 39 step 750 loss 0.00018
epoch 39 step 800 loss 0.00015
epoch 39 step 850 loss 0.00019
epoch 39 step 900 loss 0.00018
epoch 39 step 950 loss 0.00017
epoch 39 step 1000 loss 0.00018
epoch 39 step 1050 loss 0.00026
epoch 39 step 1100 loss 0.00019
epoch 39 step 1150 loss 0.00016
epoch 39 step 1200 loss 0.00014
epoch 39 step 1250 loss 0.00031
epoch 39 step 1300 loss 0.00030
epoch 39 step 1350 loss 0.00019
epoch 39 step 1400 loss 0.00020
epoch 39 step 1450 loss 0.00024
epoch 39 step 1500 loss 0.00020
epoch 39 step 1550 loss 0.00027
epoch 39 step 1600 loss 0.00024
epoch 39 step 1650 loss 0.00017
epoch 39 step 1700 loss 0.00024
epoch 39 step 1750 loss 0.00023
epoch 39 step 1800 loss 0.00036
epoch 39 step 1850 loss 0.00026
epoch 39 step 1900 loss 0.00041
epoch 39 step 1950 loss 0.00022
epoch 39 step 2000 loss 0.00025
epoch 39 step 2050 loss 0.00020
epoch 39 step 2100 loss 0.00025
epoch 39 step 2150 loss 0.00023
epoch 39 step 2200 loss 0.00019
epoch 39 step 2250 loss 0.00024
epoch 39 step 2300 loss 0.00013
epoch 39 step 2350 loss 0.00025
epoch 39 step 2400 loss 0.00018
epoch 39 step 2450 loss 0.00016
epoch 39 step 2500 loss 0.00019
epoch 39 step 2550 loss 0.00018
epoch 39 step 2600 loss 0.00016
epoch 39 step 2650 loss 0.00022
epoch 39 step 2700 loss 0.00014
epoch 39 step 2750 loss 0.00021
epoch 39 step 2800 loss 0.00016
epoch 39 step 2850 loss 0.00029
epoch 39 step 2900 loss 0.00022
epoch 39 step 2950 loss 0.00032
epoch 39 step 3000 loss 0.00017
epoch 39 step 3050 loss 0.00032
epoch 39 step 3100 loss 0.00033
epoch 39 step 3150 loss 0.00027
epoch 39 step 3200 loss 0.00018
epoch 39 step 3250 loss 0.00019
epoch 39 step 3300 loss 0.00035
epoch 39 step 3350 loss 0.00017
epoch 39 step 3400 loss 0.00016
epoch 39 step 3450 loss 0.00021
epoch 39 step 3500 loss 0.00021
epoch 39 step 3550 loss 0.00033
epoch 39 step 3600 loss 0.00037
epoch 39 step 3650 loss 0.00021
epoch 39 step 3700 loss 0.00026
epoch 39 step 3750 loss 0.00019
epoch 39 step 3800 loss 0.00021
epoch 39 step 3850 loss 0.00023
epoch 39 step 3900 loss 0.00020
epoch 39 step 3950 loss 0.00029
epoch 39 step 4000 loss 0.00025
epoch 39 step 4050 loss 0.00028
epoch 39 step 4100 loss 0.00022
epoch 39 step 4150 loss 0.00028
epoch 39 step 4200 loss 0.00029
epoch 39 step 4250 loss 0.00025
epoch 39 step 4300 loss 0.00027
epoch 39 step 4350 loss 0.00021
epoch 39 step 4400 loss 0.00023
epoch 39 step 4450 loss 0.00017
epoch 39 step 4500 loss 0.00027
epoch 39 step 4550 loss 0.00020
epoch 39 step 4600 loss 0.00019
epoch 39 step 4650 loss 0.00032
epoch 39 step 4700 loss 0.00024
epoch 39 step 4750 loss 0.00024
epoch 39 step 4800 loss 0.00038
epoch 39 step 4850 loss 0.00026
epoch 39 step 4900 loss 0.00048
epoch 39 step 4950 loss 0.00025
epoch 39 step 5000 loss 0.00031
epoch 39 step 5050 loss 0.00019
epoch 39 step 5100 loss 0.00034
epoch 39 step 5150 loss 0.00023
epoch 39 step 5200 loss 0.00016
epoch 39 step 5250 loss 0.00022
epoch 39 step 5300 loss 0.00016
epoch 39 step 5350 loss 0.00030
epoch 39 step 5400 loss 0.00014
epoch 39 step 5450 loss 0.00016
epoch 39 step 5500 loss 0.00022
epoch 39 step 5550 loss 0.00014
epoch 39 step 5600 loss 0.00023
epoch 39 step 5650 loss 0.00027
epoch 39 step 5700 loss 0.00021
epoch 39 step 5750 loss 0.00017
epoch 39 step 5800 loss 0.00022
epoch 39 step 5850 loss 0.00022
epoch 39 step 5900 loss 0.00023
epoch 39 step 5950 loss 0.00019
epoch 39 step 6000 loss 0.00020
epoch 39 step 6050 loss 0.00017
epoch 39 step 6100 loss 0.00018
epoch 39 step 6150 loss 0.00019
epoch 39 step 6200 loss 0.00023
epoch 39 step 6250 loss 0.00022
epoch 39 step 6300 loss 0.00019
epoch 39 step 6350 loss 0.00018
epoch 39 step 6400 loss 0.00030
epoch 39 step 6450 loss 0.00022
epoch 39 step 6500 loss 0.00017
epoch 39 step 6550 loss 0.00014
epoch 39 step 6600 loss 0.00038
epoch 39 step 6650 loss 0.00030
epoch 39 step 6700 loss 0.00030
epoch 39 step 6750 loss 0.00021
epoch 39 step 6800 loss 0.00016
epoch 39 step 6850 loss 0.00021
epoch 39 step 6900 loss 0.00018
epoch 39 step 6950 loss 0.00024
epoch 39 step 7000 loss 0.00033
epoch 39 step 7050 loss 0.00015
epoch 39 step 7100 loss 0.00022
epoch 39 step 7150 loss 0.00043
epoch 39 step 7200 loss 0.00018
epoch 39 step 7250 loss 0.00017
epoch 39 step 7300 loss 0.00018
epoch 39 step 7350 loss 0.00024
epoch 39 step 7400 loss 0.00022
epoch 39 step 7450 loss 0.00016
epoch 39 step 7500 loss 0.00035
epoch 39 step 7550 loss 0.00021
epoch 39 step 7600 loss 0.00017
epoch 39 step 7650 loss 0.00015
epoch 39 step 7700 loss 0.00014
epoch 39 step 7750 loss 0.00032
epoch 39 step 7800 loss 0.00016
epoch 39 step 7850 loss 0.00035
epoch 39 step 7900 loss 0.00029
epoch 39 step 7950 loss 0.00015
{'epoch': 39, 'train_loss': 0.00022288986677670975}
epoch 40 step 0 loss 0.00031
epoch 40 step 50 loss 0.00025
epoch 40 step 100 loss 0.00018
epoch 40 step 150 loss 0.00017
epoch 40 step 200 loss 0.00020
epoch 40 step 250 loss 0.00036
epoch 40 step 300 loss 0.00019
epoch 40 step 350 loss 0.00018
epoch 40 step 400 loss 0.00025
epoch 40 step 450 loss 0.00016
epoch 40 step 500 loss 0.00028
epoch 40 step 550 loss 0.00023
epoch 40 step 600 loss 0.00021
epoch 40 step 650 loss 0.00020
epoch 40 step 700 loss 0.00017
epoch 40 step 750 loss 0.00034
epoch 40 step 800 loss 0.00015
epoch 40 step 850 loss 0.00030
epoch 40 step 900 loss 0.00027
epoch 40 step 950 loss 0.00029
epoch 40 step 1000 loss 0.00023
epoch 40 step 1050 loss 0.00022
epoch 40 step 1100 loss 0.00024
epoch 40 step 1150 loss 0.00036
epoch 40 step 1200 loss 0.00019
epoch 40 step 1250 loss 0.00021
epoch 40 step 1300 loss 0.00023
epoch 40 step 1350 loss 0.00023
epoch 40 step 1400 loss 0.00018
epoch 40 step 1450 loss 0.00015
epoch 40 step 1500 loss 0.00018
epoch 40 step 1550 loss 0.00023
epoch 40 step 1600 loss 0.00013
epoch 40 step 1650 loss 0.00017
epoch 40 step 1700 loss 0.00020
epoch 40 step 1750 loss 0.00022
epoch 40 step 1800 loss 0.00023
epoch 40 step 1850 loss 0.00017
epoch 40 step 1900 loss 0.00019
epoch 40 step 1950 loss 0.00025
epoch 40 step 2000 loss 0.00013
epoch 40 step 2050 loss 0.00018
epoch 40 step 2100 loss 0.00023
epoch 40 step 2150 loss 0.00016
epoch 40 step 2200 loss 0.00037
epoch 40 step 2250 loss 0.00021
epoch 40 step 2300 loss 0.00021
epoch 40 step 2350 loss 0.00018
epoch 40 step 2400 loss 0.00022
epoch 40 step 2450 loss 0.00026
epoch 40 step 2500 loss 0.00017
epoch 40 step 2550 loss 0.00015
epoch 40 step 2600 loss 0.00014
epoch 40 step 2650 loss 0.00017
epoch 40 step 2700 loss 0.00019
epoch 40 step 2750 loss 0.00023
epoch 40 step 2800 loss 0.00025
epoch 40 step 2850 loss 0.00043
epoch 40 step 2900 loss 0.00021
epoch 40 step 2950 loss 0.00030
epoch 40 step 3000 loss 0.00019
epoch 40 step 3050 loss 0.00026
epoch 40 step 3100 loss 0.00021
epoch 40 step 3150 loss 0.00022
epoch 40 step 3200 loss 0.00018
epoch 40 step 3250 loss 0.00035
epoch 40 step 3300 loss 0.00013
epoch 40 step 3350 loss 0.00013
epoch 40 step 3400 loss 0.00024
epoch 40 step 3450 loss 0.00020
epoch 40 step 3500 loss 0.00028
epoch 40 step 3550 loss 0.00016
epoch 40 step 3600 loss 0.00018
epoch 40 step 3650 loss 0.00037
epoch 40 step 3700 loss 0.00019
epoch 40 step 3750 loss 0.00026
epoch 40 step 3800 loss 0.00018
epoch 40 step 3850 loss 0.00029
epoch 40 step 3900 loss 0.00023
epoch 40 step 3950 loss 0.00026
epoch 40 step 4000 loss 0.00021
epoch 40 step 4050 loss 0.00020
epoch 40 step 4100 loss 0.00036
epoch 40 step 4150 loss 0.00020
epoch 40 step 4200 loss 0.00026
epoch 40 step 4250 loss 0.00033
epoch 40 step 4300 loss 0.00024
epoch 40 step 4350 loss 0.00020
epoch 40 step 4400 loss 0.00018
epoch 40 step 4450 loss 0.00031
epoch 40 step 4500 loss 0.00023
epoch 40 step 4550 loss 0.00018
epoch 40 step 4600 loss 0.00018
epoch 40 step 4650 loss 0.00023
epoch 40 step 4700 loss 0.00023
epoch 40 step 4750 loss 0.00014
epoch 40 step 4800 loss 0.00022
epoch 40 step 4850 loss 0.00012
epoch 40 step 4900 loss 0.00028
epoch 40 step 4950 loss 0.00018
epoch 40 step 5000 loss 0.00036
epoch 40 step 5050 loss 0.00038
epoch 40 step 5100 loss 0.00019
epoch 40 step 5150 loss 0.00018
epoch 40 step 5200 loss 0.00021
epoch 40 step 5250 loss 0.00021
epoch 40 step 5300 loss 0.00028
epoch 40 step 5350 loss 0.00017
epoch 40 step 5400 loss 0.00014
epoch 40 step 5450 loss 0.00034
epoch 40 step 5500 loss 0.00021
epoch 40 step 5550 loss 0.00021
epoch 40 step 5600 loss 0.00016
epoch 40 step 5650 loss 0.00035
epoch 40 step 5700 loss 0.00021
epoch 40 step 5750 loss 0.00039
epoch 40 step 5800 loss 0.00035
epoch 40 step 5850 loss 0.00022
epoch 40 step 5900 loss 0.00017
epoch 40 step 5950 loss 0.00022
epoch 40 step 6000 loss 0.00026
epoch 40 step 6050 loss 0.00022
epoch 40 step 6100 loss 0.00025
epoch 40 step 6150 loss 0.00045
epoch 40 step 6200 loss 0.00018
epoch 40 step 6250 loss 0.00015
epoch 40 step 6300 loss 0.00018
epoch 40 step 6350 loss 0.00030
epoch 40 step 6400 loss 0.00026
epoch 40 step 6450 loss 0.00023
epoch 40 step 6500 loss 0.00020
epoch 40 step 6550 loss 0.00034
epoch 40 step 6600 loss 0.00018
epoch 40 step 6650 loss 0.00021
epoch 40 step 6700 loss 0.00022
epoch 40 step 6750 loss 0.00018
epoch 40 step 6800 loss 0.00021
epoch 40 step 6850 loss 0.00023
epoch 40 step 6900 loss 0.00022
epoch 40 step 6950 loss 0.00034
epoch 40 step 7000 loss 0.00027
epoch 40 step 7050 loss 0.00021
epoch 40 step 7100 loss 0.00023
epoch 40 step 7150 loss 0.00014
epoch 40 step 7200 loss 0.00022
epoch 40 step 7250 loss 0.00029
epoch 40 step 7300 loss 0.00021
epoch 40 step 7350 loss 0.00027
epoch 40 step 7400 loss 0.00022
epoch 40 step 7450 loss 0.00039
epoch 40 step 7500 loss 0.00022
epoch 40 step 7550 loss 0.00019
epoch 40 step 7600 loss 0.00029
epoch 40 step 7650 loss 0.00021
epoch 40 step 7700 loss 0.00015
epoch 40 step 7750 loss 0.00018
epoch 40 step 7800 loss 0.00014
epoch 40 step 7850 loss 0.00023
epoch 40 step 7900 loss 0.00033
epoch 40 step 7950 loss 0.00019
{'epoch': 40, 'train_loss': 0.00022348620662189522}
{'epoch': 40, 'val_loss': 0.0001959445708696633, 'val_pck01': 0.9981549866680393}
epoch 41 step 0 loss 0.00033
epoch 41 step 50 loss 0.00022
epoch 41 step 100 loss 0.00029
epoch 41 step 150 loss 0.00025
epoch 41 step 200 loss 0.00048
epoch 41 step 250 loss 0.00021
epoch 41 step 300 loss 0.00024
epoch 41 step 350 loss 0.00020
epoch 41 step 400 loss 0.00015
epoch 41 step 450 loss 0.00023
epoch 41 step 500 loss 0.00021
epoch 41 step 550 loss 0.00024
epoch 41 step 600 loss 0.00029
epoch 41 step 650 loss 0.00023
epoch 41 step 700 loss 0.00015
epoch 41 step 750 loss 0.00016
epoch 41 step 800 loss 0.00026
epoch 41 step 850 loss 0.00023
epoch 41 step 900 loss 0.00019
epoch 41 step 950 loss 0.00022
epoch 41 step 1000 loss 0.00021
epoch 41 step 1050 loss 0.00027
epoch 41 step 1100 loss 0.00016
epoch 41 step 1150 loss 0.00023
epoch 41 step 1200 loss 0.00038
epoch 41 step 1250 loss 0.00022
epoch 41 step 1300 loss 0.00020
epoch 41 step 1350 loss 0.00036
epoch 41 step 1400 loss 0.00025
epoch 41 step 1450 loss 0.00019
epoch 41 step 1500 loss 0.00052
epoch 41 step 1550 loss 0.00019
epoch 41 step 1600 loss 0.00019
epoch 41 step 1650 loss 0.00014
epoch 41 step 1700 loss 0.00028
epoch 41 step 1750 loss 0.00019
epoch 41 step 1800 loss 0.00017
epoch 41 step 1850 loss 0.00023
epoch 41 step 1900 loss 0.00022
epoch 41 step 1950 loss 0.00021
epoch 41 step 2000 loss 0.00021
epoch 41 step 2050 loss 0.00018
epoch 41 step 2100 loss 0.00015
epoch 41 step 2150 loss 0.00022
epoch 41 step 2200 loss 0.00017
epoch 41 step 2250 loss 0.00018
epoch 41 step 2300 loss 0.00017
epoch 41 step 2350 loss 0.00025
epoch 41 step 2400 loss 0.00021
epoch 41 step 2450 loss 0.00016
epoch 41 step 2500 loss 0.00014
epoch 41 step 2550 loss 0.00020
epoch 41 step 2600 loss 0.00027
epoch 41 step 2650 loss 0.00025
epoch 41 step 2700 loss 0.00025
epoch 41 step 2750 loss 0.00020
epoch 41 step 2800 loss 0.00024
epoch 41 step 2850 loss 0.00016
epoch 41 step 2900 loss 0.00025
epoch 41 step 2950 loss 0.00018
epoch 41 step 3000 loss 0.00028
epoch 41 step 3050 loss 0.00018
epoch 41 step 3100 loss 0.00013
epoch 41 step 3150 loss 0.00014
epoch 41 step 3200 loss 0.00031
epoch 41 step 3250 loss 0.00018
epoch 41 step 3300 loss 0.00024
epoch 41 step 3350 loss 0.00016
epoch 41 step 3400 loss 0.00026
epoch 41 step 3450 loss 0.00036
epoch 41 step 3500 loss 0.00021
epoch 41 step 3550 loss 0.00015
epoch 41 step 3600 loss 0.00022
epoch 41 step 3650 loss 0.00019
epoch 41 step 3700 loss 0.00020
epoch 41 step 3750 loss 0.00029
epoch 41 step 3800 loss 0.00018
epoch 41 step 3850 loss 0.00018
epoch 41 step 3900 loss 0.00025
epoch 41 step 3950 loss 0.00020
epoch 41 step 4000 loss 0.00019
epoch 41 step 4050 loss 0.00029
epoch 41 step 4100 loss 0.00013
epoch 41 step 4150 loss 0.00025
epoch 41 step 4200 loss 0.00035
epoch 41 step 4250 loss 0.00017
epoch 41 step 4300 loss 0.00029
epoch 41 step 4350 loss 0.00030
epoch 41 step 4400 loss 0.00020
epoch 41 step 4450 loss 0.00020
epoch 41 step 4500 loss 0.00023
epoch 41 step 4550 loss 0.00020
epoch 41 step 4600 loss 0.00021
epoch 41 step 4650 loss 0.00022
epoch 41 step 4700 loss 0.00019
epoch 41 step 4750 loss 0.00018
epoch 41 step 4800 loss 0.00022
epoch 41 step 4850 loss 0.00021
epoch 41 step 4900 loss 0.00023
epoch 41 step 4950 loss 0.00019
epoch 41 step 5000 loss 0.00028
epoch 41 step 5050 loss 0.00016
epoch 41 step 5100 loss 0.00028
epoch 41 step 5150 loss 0.00017
epoch 41 step 5200 loss 0.00020
epoch 41 step 5250 loss 0.00027
epoch 41 step 5300 loss 0.00020
epoch 41 step 5350 loss 0.00022
epoch 41 step 5400 loss 0.00018
epoch 41 step 5450 loss 0.00032
epoch 41 step 5500 loss 0.00012
epoch 41 step 5550 loss 0.00024
epoch 41 step 5600 loss 0.00023
epoch 41 step 5650 loss 0.00015
epoch 41 step 5700 loss 0.00022
epoch 41 step 5750 loss 0.00019
epoch 41 step 5800 loss 0.00020
epoch 41 step 5850 loss 0.00017
epoch 41 step 5900 loss 0.00020
epoch 41 step 5950 loss 0.00029
epoch 41 step 6000 loss 0.00021
epoch 41 step 6050 loss 0.00023
epoch 41 step 6100 loss 0.00017
epoch 41 step 6150 loss 0.00018
epoch 41 step 6200 loss 0.00035
epoch 41 step 6250 loss 0.00027
epoch 41 step 6300 loss 0.00016
epoch 41 step 6350 loss 0.00017
epoch 41 step 6400 loss 0.00016
epoch 41 step 6450 loss 0.00019
epoch 41 step 6500 loss 0.00035
epoch 41 step 6550 loss 0.00025
epoch 41 step 6600 loss 0.00024
epoch 41 step 6650 loss 0.00029
epoch 41 step 6700 loss 0.00024
epoch 41 step 6750 loss 0.00023
epoch 41 step 6800 loss 0.00017
epoch 41 step 6850 loss 0.00017
epoch 41 step 6900 loss 0.00030
epoch 41 step 6950 loss 0.00017
epoch 41 step 7000 loss 0.00030
epoch 41 step 7050 loss 0.00018
epoch 41 step 7100 loss 0.00025
epoch 41 step 7150 loss 0.00016
epoch 41 step 7200 loss 0.00030
epoch 41 step 7250 loss 0.00024
epoch 41 step 7300 loss 0.00020
epoch 41 step 7350 loss 0.00017
epoch 41 step 7400 loss 0.00015
epoch 41 step 7450 loss 0.00032
epoch 41 step 7500 loss 0.00015
epoch 41 step 7550 loss 0.00030
epoch 41 step 7600 loss 0.00028
epoch 41 step 7650 loss 0.00025
epoch 41 step 7700 loss 0.00016
epoch 41 step 7750 loss 0.00023
epoch 41 step 7800 loss 0.00023
epoch 41 step 7850 loss 0.00020
epoch 41 step 7900 loss 0.00023
epoch 41 step 7950 loss 0.00018
{'epoch': 41, 'train_loss': 0.0002243025881414596}
epoch 42 step 0 loss 0.00030
epoch 42 step 50 loss 0.00018
epoch 42 step 100 loss 0.00019
epoch 42 step 150 loss 0.00017
epoch 42 step 200 loss 0.00033
epoch 42 step 250 loss 0.00016
epoch 42 step 300 loss 0.00023
epoch 42 step 350 loss 0.00021
epoch 42 step 400 loss 0.00015
epoch 42 step 450 loss 0.00030
epoch 42 step 500 loss 0.00019
epoch 42 step 550 loss 0.00023
epoch 42 step 600 loss 0.00014
epoch 42 step 650 loss 0.00016
epoch 42 step 700 loss 0.00021
epoch 42 step 750 loss 0.00022
epoch 42 step 800 loss 0.00020
epoch 42 step 850 loss 0.00018
epoch 42 step 900 loss 0.00024
epoch 42 step 950 loss 0.00021
epoch 42 step 1000 loss 0.00021
epoch 42 step 1050 loss 0.00023
epoch 42 step 1100 loss 0.00023
epoch 42 step 1150 loss 0.00034
epoch 42 step 1200 loss 0.00027
epoch 42 step 1250 loss 0.00035
epoch 42 step 1300 loss 0.00017
epoch 42 step 1350 loss 0.00023
epoch 42 step 1400 loss 0.00015
epoch 42 step 1450 loss 0.00020
epoch 42 step 1500 loss 0.00019
epoch 42 step 1550 loss 0.00024
epoch 42 step 1600 loss 0.00018
epoch 42 step 1650 loss 0.00023
epoch 42 step 1700 loss 0.00023
epoch 42 step 1750 loss 0.00018
epoch 42 step 1800 loss 0.00022
epoch 42 step 1850 loss 0.00031
epoch 42 step 1900 loss 0.00023
epoch 42 step 1950 loss 0.00021
epoch 42 step 2000 loss 0.00021
epoch 42 step 2050 loss 0.00017
epoch 42 step 2100 loss 0.00015
epoch 42 step 2150 loss 0.00037
epoch 42 step 2200 loss 0.00020
epoch 42 step 2250 loss 0.00020
epoch 42 step 2300 loss 0.00027
epoch 42 step 2350 loss 0.00015
epoch 42 step 2400 loss 0.00020
epoch 42 step 2450 loss 0.00019
epoch 42 step 2500 loss 0.00047
epoch 42 step 2550 loss 0.00022
epoch 42 step 2600 loss 0.00024
epoch 42 step 2650 loss 0.00031
epoch 42 step 2700 loss 0.00021
epoch 42 step 2750 loss 0.00035
epoch 42 step 2800 loss 0.00019
epoch 42 step 2850 loss 0.00013
epoch 42 step 2900 loss 0.00014
epoch 42 step 2950 loss 0.00039
epoch 42 step 3000 loss 0.00026
epoch 42 step 3050 loss 0.00020
epoch 42 step 3100 loss 0.00024
epoch 42 step 3150 loss 0.00020
epoch 42 step 3200 loss 0.00018
epoch 42 step 3250 loss 0.00019
epoch 42 step 3300 loss 0.00019
epoch 42 step 3350 loss 0.00020
epoch 42 step 3400 loss 0.00019
epoch 42 step 3450 loss 0.00018
epoch 42 step 3500 loss 0.00022
epoch 42 step 3550 loss 0.00028
epoch 42 step 3600 loss 0.00022
epoch 42 step 3650 loss 0.00015
epoch 42 step 3700 loss 0.00013
epoch 42 step 3750 loss 0.00023
epoch 42 step 3800 loss 0.00019
epoch 42 step 3850 loss 0.00047
epoch 42 step 3900 loss 0.00014
epoch 42 step 3950 loss 0.00016
epoch 42 step 4000 loss 0.00016
epoch 42 step 4050 loss 0.00022
epoch 42 step 4100 loss 0.00016
epoch 42 step 4150 loss 0.00027
epoch 42 step 4200 loss 0.00015
epoch 42 step 4250 loss 0.00025
epoch 42 step 4300 loss 0.00028
epoch 42 step 4350 loss 0.00023
epoch 42 step 4400 loss 0.00027
epoch 42 step 4450 loss 0.00029
epoch 42 step 4500 loss 0.00030
epoch 42 step 4550 loss 0.00035
epoch 42 step 4600 loss 0.00019
epoch 42 step 4650 loss 0.00032
epoch 42 step 4700 loss 0.00025
epoch 42 step 4750 loss 0.00020
epoch 42 step 4800 loss 0.00020
epoch 42 step 4850 loss 0.00022
epoch 42 step 4900 loss 0.00018
epoch 42 step 4950 loss 0.00025
epoch 42 step 5000 loss 0.00020
epoch 42 step 5050 loss 0.00026
epoch 42 step 5100 loss 0.00016
epoch 42 step 5150 loss 0.00018
epoch 42 step 5200 loss 0.00017
epoch 42 step 5250 loss 0.00025
epoch 42 step 5300 loss 0.00021
epoch 42 step 5350 loss 0.00015
epoch 42 step 5400 loss 0.00026
epoch 42 step 5450 loss 0.00019
epoch 42 step 5500 loss 0.00025
epoch 42 step 5550 loss 0.00026
epoch 42 step 5600 loss 0.00021
epoch 42 step 5650 loss 0.00022
epoch 42 step 5700 loss 0.00022
epoch 42 step 5750 loss 0.00017
epoch 42 step 5800 loss 0.00033
epoch 42 step 5850 loss 0.00028
epoch 42 step 5900 loss 0.00015
epoch 42 step 5950 loss 0.00016
epoch 42 step 6000 loss 0.00029
epoch 42 step 6050 loss 0.00025
epoch 42 step 6100 loss 0.00013
epoch 42 step 6150 loss 0.00027
epoch 42 step 6200 loss 0.00016
epoch 42 step 6250 loss 0.00024
epoch 42 step 6300 loss 0.00026
epoch 42 step 6350 loss 0.00022
epoch 42 step 6400 loss 0.00015
epoch 42 step 6450 loss 0.00016
epoch 42 step 6500 loss 0.00037
epoch 42 step 6550 loss 0.00018
epoch 42 step 6600 loss 0.00018
epoch 42 step 6650 loss 0.00025
epoch 42 step 6700 loss 0.00021
epoch 42 step 6750 loss 0.00031
epoch 42 step 6800 loss 0.00020
epoch 42 step 6850 loss 0.00019
epoch 42 step 6900 loss 0.00017
epoch 42 step 6950 loss 0.00018
epoch 42 step 7000 loss 0.00027
epoch 42 step 7050 loss 0.00016
epoch 42 step 7100 loss 0.00022
epoch 42 step 7150 loss 0.00031
epoch 42 step 7200 loss 0.00016
epoch 42 step 7250 loss 0.00019
epoch 42 step 7300 loss 0.00020
epoch 42 step 7350 loss 0.00018
epoch 42 step 7400 loss 0.00017
epoch 42 step 7450 loss 0.00020
epoch 42 step 7500 loss 0.00026
epoch 42 step 7550 loss 0.00028
epoch 42 step 7600 loss 0.00016
epoch 42 step 7650 loss 0.00015
epoch 42 step 7700 loss 0.00014
epoch 42 step 7750 loss 0.00023
epoch 42 step 7800 loss 0.00015
epoch 42 step 7850 loss 0.00016
epoch 42 step 7900 loss 0.00026
epoch 42 step 7950 loss 0.00013
{'epoch': 42, 'train_loss': 0.00022151600892150768}
{'epoch': 42, 'val_loss': 0.00019576595707661943, 'val_pck01': 0.9981304218274036}
epoch 43 step 0 loss 0.00033
epoch 43 step 50 loss 0.00027
epoch 43 step 100 loss 0.00021
epoch 43 step 150 loss 0.00014
epoch 43 step 200 loss 0.00023
epoch 43 step 250 loss 0.00018
epoch 43 step 300 loss 0.00020
epoch 43 step 350 loss 0.00023
epoch 43 step 400 loss 0.00018
epoch 43 step 450 loss 0.00023
epoch 43 step 500 loss 0.00023
epoch 43 step 550 loss 0.00017
epoch 43 step 600 loss 0.00028
epoch 43 step 650 loss 0.00020
epoch 43 step 700 loss 0.00017
epoch 43 step 750 loss 0.00016
epoch 43 step 800 loss 0.00019
epoch 43 step 850 loss 0.00024
epoch 43 step 900 loss 0.00018
epoch 43 step 950 loss 0.00039
epoch 43 step 1000 loss 0.00024
epoch 43 step 1050 loss 0.00025
epoch 43 step 1100 loss 0.00033
epoch 43 step 1150 loss 0.00027
epoch 43 step 1200 loss 0.00028
epoch 43 step 1250 loss 0.00024
epoch 43 step 1300 loss 0.00050
epoch 43 step 1350 loss 0.00035
epoch 43 step 1400 loss 0.00014
epoch 43 step 1450 loss 0.00026
epoch 43 step 1500 loss 0.00026
epoch 43 step 1550 loss 0.00017
epoch 43 step 1600 loss 0.00026
epoch 43 step 1650 loss 0.00019
epoch 43 step 1700 loss 0.00027
epoch 43 step 1750 loss 0.00023
epoch 43 step 1800 loss 0.00021
epoch 43 step 1850 loss 0.00021
epoch 43 step 1900 loss 0.00023
epoch 43 step 1950 loss 0.00030
epoch 43 step 2000 loss 0.00019
epoch 43 step 2050 loss 0.00018
epoch 43 step 2100 loss 0.00016
epoch 43 step 2150 loss 0.00037
epoch 43 step 2200 loss 0.00032
epoch 43 step 2250 loss 0.00012
epoch 43 step 2300 loss 0.00019
epoch 43 step 2350 loss 0.00021
epoch 43 step 2400 loss 0.00034
epoch 43 step 2450 loss 0.00016
epoch 43 step 2500 loss 0.00027
epoch 43 step 2550 loss 0.00030
epoch 43 step 2600 loss 0.00019
epoch 43 step 2650 loss 0.00018
epoch 43 step 2700 loss 0.00021
epoch 43 step 2750 loss 0.00026
epoch 43 step 2800 loss 0.00025
epoch 43 step 2850 loss 0.00017
epoch 43 step 2900 loss 0.00024
epoch 43 step 2950 loss 0.00021
epoch 43 step 3000 loss 0.00011
epoch 43 step 3050 loss 0.00036
epoch 43 step 3100 loss 0.00017
epoch 43 step 3150 loss 0.00018
epoch 43 step 3200 loss 0.00014
epoch 43 step 3250 loss 0.00019
epoch 43 step 3300 loss 0.00018
epoch 43 step 3350 loss 0.00021
epoch 43 step 3400 loss 0.00015
epoch 43 step 3450 loss 0.00024
epoch 43 step 3500 loss 0.00014
epoch 43 step 3550 loss 0.00018
epoch 43 step 3600 loss 0.00021
epoch 43 step 3650 loss 0.00024
epoch 43 step 3700 loss 0.00020
epoch 43 step 3750 loss 0.00019
epoch 43 step 3800 loss 0.00032
epoch 43 step 3850 loss 0.00020
epoch 43 step 3900 loss 0.00020
epoch 43 step 3950 loss 0.00026
epoch 43 step 4000 loss 0.00022
epoch 43 step 4050 loss 0.00037
epoch 43 step 4100 loss 0.00015
epoch 43 step 4150 loss 0.00025
epoch 43 step 4200 loss 0.00028
epoch 43 step 4250 loss 0.00022
epoch 43 step 4300 loss 0.00022
epoch 43 step 4350 loss 0.00023
epoch 43 step 4400 loss 0.00035
epoch 43 step 4450 loss 0.00014
epoch 43 step 4500 loss 0.00028
epoch 43 step 4550 loss 0.00026
epoch 43 step 4600 loss 0.00025
epoch 43 step 4650 loss 0.00014
epoch 43 step 4700 loss 0.00026
epoch 43 step 4750 loss 0.00034
epoch 43 step 4800 loss 0.00022
epoch 43 step 4850 loss 0.00017
epoch 43 step 4900 loss 0.00018
epoch 43 step 4950 loss 0.00023
epoch 43 step 5000 loss 0.00026
epoch 43 step 5050 loss 0.00033
epoch 43 step 5100 loss 0.00037
epoch 43 step 5150 loss 0.00022
epoch 43 step 5200 loss 0.00026
epoch 43 step 5250 loss 0.00021
epoch 43 step 5300 loss 0.00034
epoch 43 step 5350 loss 0.00023
epoch 43 step 5400 loss 0.00019
epoch 43 step 5450 loss 0.00019
epoch 43 step 5500 loss 0.00019
epoch 43 step 5550 loss 0.00024
epoch 43 step 5600 loss 0.00018
epoch 43 step 5650 loss 0.00025
epoch 43 step 5700 loss 0.00022
epoch 43 step 5750 loss 0.00029
epoch 43 step 5800 loss 0.00022
epoch 43 step 5850 loss 0.00019
epoch 43 step 5900 loss 0.00027
epoch 43 step 5950 loss 0.00026
epoch 43 step 6000 loss 0.00026
epoch 43 step 6050 loss 0.00025
epoch 43 step 6100 loss 0.00018
epoch 43 step 6150 loss 0.00032
epoch 43 step 6200 loss 0.00030
epoch 43 step 6250 loss 0.00016
epoch 43 step 6300 loss 0.00019
epoch 43 step 6350 loss 0.00018
epoch 43 step 6400 loss 0.00020
epoch 43 step 6450 loss 0.00024
epoch 43 step 6500 loss 0.00036
epoch 43 step 6550 loss 0.00025
epoch 43 step 6600 loss 0.00023
epoch 43 step 6650 loss 0.00023
epoch 43 step 6700 loss 0.00023
epoch 43 step 6750 loss 0.00027
epoch 43 step 6800 loss 0.00018
epoch 43 step 6850 loss 0.00020
epoch 43 step 6900 loss 0.00024
epoch 43 step 6950 loss 0.00021
epoch 43 step 7000 loss 0.00027
epoch 43 step 7050 loss 0.00017
epoch 43 step 7100 loss 0.00026
epoch 43 step 7150 loss 0.00026
epoch 43 step 7200 loss 0.00025
epoch 43 step 7250 loss 0.00022
epoch 43 step 7300 loss 0.00025
epoch 43 step 7350 loss 0.00020
epoch 43 step 7400 loss 0.00028
epoch 43 step 7450 loss 0.00021
epoch 43 step 7500 loss 0.00013
epoch 43 step 7550 loss 0.00017
epoch 43 step 7600 loss 0.00025
epoch 43 step 7650 loss 0.00030
epoch 43 step 7700 loss 0.00023
epoch 43 step 7750 loss 0.00017
epoch 43 step 7800 loss 0.00018
epoch 43 step 7850 loss 0.00024
epoch 43 step 7900 loss 0.00020
epoch 43 step 7950 loss 0.00023
{'epoch': 43, 'train_loss': 0.00022272336126993522}
epoch 44 step 0 loss 0.00018
epoch 44 step 50 loss 0.00022
epoch 44 step 100 loss 0.00023
epoch 44 step 150 loss 0.00028
epoch 44 step 200 loss 0.00016
epoch 44 step 250 loss 0.00024
epoch 44 step 300 loss 0.00018
epoch 44 step 350 loss 0.00018
epoch 44 step 400 loss 0.00027
epoch 44 step 450 loss 0.00025
epoch 44 step 500 loss 0.00033
epoch 44 step 550 loss 0.00033
epoch 44 step 600 loss 0.00019
epoch 44 step 650 loss 0.00016
epoch 44 step 700 loss 0.00019
epoch 44 step 750 loss 0.00017
epoch 44 step 800 loss 0.00032
epoch 44 step 850 loss 0.00020
epoch 44 step 900 loss 0.00016
epoch 44 step 950 loss 0.00019
epoch 44 step 1000 loss 0.00020
epoch 44 step 1050 loss 0.00024
epoch 44 step 1100 loss 0.00017
epoch 44 step 1150 loss 0.00016
epoch 44 step 1200 loss 0.00018
epoch 44 step 1250 loss 0.00014
epoch 44 step 1300 loss 0.00018
epoch 44 step 1350 loss 0.00019
epoch 44 step 1400 loss 0.00019
epoch 44 step 1450 loss 0.00021
epoch 44 step 1500 loss 0.00028
epoch 44 step 1550 loss 0.00022
epoch 44 step 1600 loss 0.00020
epoch 44 step 1650 loss 0.00024
epoch 44 step 1700 loss 0.00014
epoch 44 step 1750 loss 0.00019
epoch 44 step 1800 loss 0.00021
epoch 44 step 1850 loss 0.00027
epoch 44 step 1900 loss 0.00038
epoch 44 step 1950 loss 0.00021
epoch 44 step 2000 loss 0.00014
epoch 44 step 2050 loss 0.00019
epoch 44 step 2100 loss 0.00029
epoch 44 step 2150 loss 0.00021
epoch 44 step 2200 loss 0.00021
epoch 44 step 2250 loss 0.00017
epoch 44 step 2300 loss 0.00030
epoch 44 step 2350 loss 0.00020
epoch 44 step 2400 loss 0.00015
epoch 44 step 2450 loss 0.00021
epoch 44 step 2500 loss 0.00018
epoch 44 step 2550 loss 0.00028
epoch 44 step 2600 loss 0.00023
epoch 44 step 2650 loss 0.00022
epoch 44 step 2700 loss 0.00018
epoch 44 step 2750 loss 0.00015
epoch 44 step 2800 loss 0.00018
epoch 44 step 2850 loss 0.00031
epoch 44 step 2900 loss 0.00019
epoch 44 step 2950 loss 0.00028
epoch 44 step 3000 loss 0.00018
epoch 44 step 3050 loss 0.00021
epoch 44 step 3100 loss 0.00022
epoch 44 step 3150 loss 0.00018
epoch 44 step 3200 loss 0.00017
epoch 44 step 3250 loss 0.00028
epoch 44 step 3300 loss 0.00030
epoch 44 step 3350 loss 0.00017
epoch 44 step 3400 loss 0.00021
epoch 44 step 3450 loss 0.00025
epoch 44 step 3500 loss 0.00025
epoch 44 step 3550 loss 0.00023
epoch 44 step 3600 loss 0.00024
epoch 44 step 3650 loss 0.00025
epoch 44 step 3700 loss 0.00018
epoch 44 step 3750 loss 0.00018
epoch 44 step 3800 loss 0.00028
epoch 44 step 3850 loss 0.00022
epoch 44 step 3900 loss 0.00027
epoch 44 step 3950 loss 0.00015
epoch 44 step 4000 loss 0.00030
epoch 44 step 4050 loss 0.00027
epoch 44 step 4100 loss 0.00016
epoch 44 step 4150 loss 0.00021
epoch 44 step 4200 loss 0.00041
epoch 44 step 4250 loss 0.00031
epoch 44 step 4300 loss 0.00014
epoch 44 step 4350 loss 0.00024
epoch 44 step 4400 loss 0.00034
epoch 44 step 4450 loss 0.00021
epoch 44 step 4500 loss 0.00020
epoch 44 step 4550 loss 0.00030
epoch 44 step 4600 loss 0.00039
epoch 44 step 4650 loss 0.00014
epoch 44 step 4700 loss 0.00020
epoch 44 step 4750 loss 0.00019
epoch 44 step 4800 loss 0.00026
epoch 44 step 4850 loss 0.00018
epoch 44 step 4900 loss 0.00015
epoch 44 step 4950 loss 0.00021
epoch 44 step 5000 loss 0.00019
epoch 44 step 5050 loss 0.00016
epoch 44 step 5100 loss 0.00026
epoch 44 step 5150 loss 0.00031
epoch 44 step 5200 loss 0.00032
epoch 44 step 5250 loss 0.00021
epoch 44 step 5300 loss 0.00043
epoch 44 step 5350 loss 0.00027
epoch 44 step 5400 loss 0.00020
epoch 44 step 5450 loss 0.00027
epoch 44 step 5500 loss 0.00019
epoch 44 step 5550 loss 0.00036
epoch 44 step 5600 loss 0.00021
epoch 44 step 5650 loss 0.00024
epoch 44 step 5700 loss 0.00020
epoch 44 step 5750 loss 0.00015
epoch 44 step 5800 loss 0.00020
epoch 44 step 5850 loss 0.00027
epoch 44 step 5900 loss 0.00020
epoch 44 step 5950 loss 0.00025
epoch 44 step 6000 loss 0.00020
epoch 44 step 6050 loss 0.00024
epoch 44 step 6100 loss 0.00028
epoch 44 step 6150 loss 0.00045
epoch 44 step 6200 loss 0.00024
epoch 44 step 6250 loss 0.00019
epoch 44 step 6300 loss 0.00019
epoch 44 step 6350 loss 0.00025
epoch 44 step 6400 loss 0.00016
epoch 44 step 6450 loss 0.00040
epoch 44 step 6500 loss 0.00015
epoch 44 step 6550 loss 0.00022
epoch 44 step 6600 loss 0.00015
epoch 44 step 6650 loss 0.00023
epoch 44 step 6700 loss 0.00027
epoch 44 step 6750 loss 0.00023
epoch 44 step 6800 loss 0.00028
epoch 44 step 6850 loss 0.00021
epoch 44 step 6900 loss 0.00029
epoch 44 step 6950 loss 0.00013
epoch 44 step 7000 loss 0.00017
epoch 44 step 7050 loss 0.00017
epoch 44 step 7100 loss 0.00016
epoch 44 step 7150 loss 0.00021
epoch 44 step 7200 loss 0.00029
epoch 44 step 7250 loss 0.00018
epoch 44 step 7300 loss 0.00025
epoch 44 step 7350 loss 0.00019
epoch 44 step 7400 loss 0.00016
epoch 44 step 7450 loss 0.00023
epoch 44 step 7500 loss 0.00014
epoch 44 step 7550 loss 0.00014
epoch 44 step 7600 loss 0.00022
epoch 44 step 7650 loss 0.00023
epoch 44 step 7700 loss 0.00025
epoch 44 step 7750 loss 0.00016
epoch 44 step 7800 loss 0.00019
epoch 44 step 7850 loss 0.00021
epoch 44 step 7900 loss 0.00041
epoch 44 step 7950 loss 0.00025
{'epoch': 44, 'train_loss': 0.0002224592553274084}
{'epoch': 44, 'val_loss': 0.00019580167421853222, 'val_pck01': 0.9981750685367269}
epoch 45 step 0 loss 0.00022
epoch 45 step 50 loss 0.00023
epoch 45 step 100 loss 0.00015
epoch 45 step 150 loss 0.00018
epoch 45 step 200 loss 0.00021
epoch 45 step 250 loss 0.00016
epoch 45 step 300 loss 0.00019
epoch 45 step 350 loss 0.00027
epoch 45 step 400 loss 0.00037
epoch 45 step 450 loss 0.00025
epoch 45 step 500 loss 0.00018
epoch 45 step 550 loss 0.00020
epoch 45 step 600 loss 0.00028
epoch 45 step 650 loss 0.00023
epoch 45 step 700 loss 0.00018
epoch 45 step 750 loss 0.00017
epoch 45 step 800 loss 0.00021
epoch 45 step 850 loss 0.00020
epoch 45 step 900 loss 0.00023
epoch 45 step 950 loss 0.00023
epoch 45 step 1000 loss 0.00019
epoch 45 step 1050 loss 0.00026
epoch 45 step 1100 loss 0.00016
epoch 45 step 1150 loss 0.00020
epoch 45 step 1200 loss 0.00016
epoch 45 step 1250 loss 0.00029
epoch 45 step 1300 loss 0.00016
epoch 45 step 1350 loss 0.00013
epoch 45 step 1400 loss 0.00015
epoch 45 step 1450 loss 0.00013
epoch 45 step 1500 loss 0.00019
epoch 45 step 1550 loss 0.00025
epoch 45 step 1600 loss 0.00015
epoch 45 step 1650 loss 0.00023
epoch 45 step 1700 loss 0.00028
epoch 45 step 1750 loss 0.00020
epoch 45 step 1800 loss 0.00033
epoch 45 step 1850 loss 0.00016
epoch 45 step 1900 loss 0.00035
epoch 45 step 1950 loss 0.00018
epoch 45 step 2000 loss 0.00026
epoch 45 step 2050 loss 0.00019
epoch 45 step 2100 loss 0.00022
epoch 45 step 2150 loss 0.00014
epoch 45 step 2200 loss 0.00017
epoch 45 step 2250 loss 0.00026
epoch 45 step 2300 loss 0.00015
epoch 45 step 2350 loss 0.00019
epoch 45 step 2400 loss 0.00017
epoch 45 step 2450 loss 0.00015
epoch 45 step 2500 loss 0.00019
epoch 45 step 2550 loss 0.00021
epoch 45 step 2600 loss 0.00021
epoch 45 step 2650 loss 0.00021
epoch 45 step 2700 loss 0.00020
epoch 45 step 2750 loss 0.00018
epoch 45 step 2800 loss 0.00022
epoch 45 step 2850 loss 0.00019
epoch 45 step 2900 loss 0.00023
epoch 45 step 2950 loss 0.00019
epoch 45 step 3000 loss 0.00028
epoch 45 step 3050 loss 0.00027
epoch 45 step 3100 loss 0.00030
epoch 45 step 3150 loss 0.00026
epoch 45 step 3200 loss 0.00014
epoch 45 step 3250 loss 0.00022
epoch 45 step 3300 loss 0.00016
epoch 45 step 3350 loss 0.00023
epoch 45 step 3400 loss 0.00021
epoch 45 step 3450 loss 0.00015
epoch 45 step 3500 loss 0.00027
epoch 45 step 3550 loss 0.00016
epoch 45 step 3600 loss 0.00027
epoch 45 step 3650 loss 0.00032
epoch 45 step 3700 loss 0.00026
epoch 45 step 3750 loss 0.00019
epoch 45 step 3800 loss 0.00016
epoch 45 step 3850 loss 0.00018
epoch 45 step 3900 loss 0.00017
epoch 45 step 3950 loss 0.00027
epoch 45 step 4000 loss 0.00018
epoch 45 step 4050 loss 0.00017
epoch 45 step 4100 loss 0.00019
epoch 45 step 4150 loss 0.00021
epoch 45 step 4200 loss 0.00018
epoch 45 step 4250 loss 0.00018
epoch 45 step 4300 loss 0.00020
epoch 45 step 4350 loss 0.00012
epoch 45 step 4400 loss 0.00039
epoch 45 step 4450 loss 0.00023
epoch 45 step 4500 loss 0.00021
epoch 45 step 4550 loss 0.00021
epoch 45 step 4600 loss 0.00018
epoch 45 step 4650 loss 0.00020
epoch 45 step 4700 loss 0.00021
epoch 45 step 4750 loss 0.00022
epoch 45 step 4800 loss 0.00021
epoch 45 step 4850 loss 0.00032
epoch 45 step 4900 loss 0.00023
epoch 45 step 4950 loss 0.00016
epoch 45 step 5000 loss 0.00014
epoch 45 step 5050 loss 0.00025
epoch 45 step 5100 loss 0.00024
epoch 45 step 5150 loss 0.00016
epoch 45 step 5200 loss 0.00029
epoch 45 step 5250 loss 0.00017
epoch 45 step 5300 loss 0.00024
epoch 45 step 5350 loss 0.00031
epoch 45 step 5400 loss 0.00026
epoch 45 step 5450 loss 0.00034
epoch 45 step 5500 loss 0.00016
epoch 45 step 5550 loss 0.00015
epoch 45 step 5600 loss 0.00023
epoch 45 step 5650 loss 0.00031
epoch 45 step 5700 loss 0.00023
epoch 45 step 5750 loss 0.00020
epoch 45 step 5800 loss 0.00021
epoch 45 step 5850 loss 0.00022
epoch 45 step 5900 loss 0.00029
epoch 45 step 5950 loss 0.00022
epoch 45 step 6000 loss 0.00014
epoch 45 step 6050 loss 0.00017
epoch 45 step 6100 loss 0.00022
epoch 45 step 6150 loss 0.00018
epoch 45 step 6200 loss 0.00021
epoch 45 step 6250 loss 0.00022
epoch 45 step 6300 loss 0.00023
epoch 45 step 6350 loss 0.00026
epoch 45 step 6400 loss 0.00015
epoch 45 step 6450 loss 0.00028
epoch 45 step 6500 loss 0.00016
epoch 45 step 6550 loss 0.00017
epoch 45 step 6600 loss 0.00023
epoch 45 step 6650 loss 0.00031
epoch 45 step 6700 loss 0.00029
epoch 45 step 6750 loss 0.00023
epoch 45 step 6800 loss 0.00012
epoch 45 step 6850 loss 0.00014
epoch 45 step 6900 loss 0.00017
epoch 45 step 6950 loss 0.00028
epoch 45 step 7000 loss 0.00022
epoch 45 step 7050 loss 0.00013
epoch 45 step 7100 loss 0.00018
epoch 45 step 7150 loss 0.00018
epoch 45 step 7200 loss 0.00033
epoch 45 step 7250 loss 0.00017
epoch 45 step 7300 loss 0.00033
epoch 45 step 7350 loss 0.00020
epoch 45 step 7400 loss 0.00018
epoch 45 step 7450 loss 0.00024
epoch 45 step 7500 loss 0.00017
epoch 45 step 7550 loss 0.00021
epoch 45 step 7600 loss 0.00014
epoch 45 step 7650 loss 0.00019
epoch 45 step 7700 loss 0.00019
epoch 45 step 7750 loss 0.00021
epoch 45 step 7800 loss 0.00029
epoch 45 step 7850 loss 0.00023
epoch 45 step 7900 loss 0.00015
epoch 45 step 7950 loss 0.00033
{'epoch': 45, 'train_loss': 0.0002220531075153244}
epoch 46 step 0 loss 0.00020
epoch 46 step 50 loss 0.00016
epoch 46 step 100 loss 0.00030
epoch 46 step 150 loss 0.00029
epoch 46 step 200 loss 0.00022
epoch 46 step 250 loss 0.00021
epoch 46 step 300 loss 0.00022
epoch 46 step 350 loss 0.00017
epoch 46 step 400 loss 0.00022
epoch 46 step 450 loss 0.00026
epoch 46 step 500 loss 0.00020
epoch 46 step 550 loss 0.00020
epoch 46 step 600 loss 0.00026
epoch 46 step 650 loss 0.00015
epoch 46 step 700 loss 0.00026
epoch 46 step 750 loss 0.00020
epoch 46 step 800 loss 0.00014
epoch 46 step 850 loss 0.00033
epoch 46 step 900 loss 0.00024
epoch 46 step 950 loss 0.00021
epoch 46 step 1000 loss 0.00029
epoch 46 step 1050 loss 0.00030
epoch 46 step 1100 loss 0.00013
epoch 46 step 1150 loss 0.00022
epoch 46 step 1200 loss 0.00012
epoch 46 step 1250 loss 0.00017
epoch 46 step 1300 loss 0.00024
epoch 46 step 1350 loss 0.00017
epoch 46 step 1400 loss 0.00017
epoch 46 step 1450 loss 0.00028
epoch 46 step 1500 loss 0.00015
epoch 46 step 1550 loss 0.00016
epoch 46 step 1600 loss 0.00019
epoch 46 step 1650 loss 0.00025
epoch 46 step 1700 loss 0.00017
epoch 46 step 1750 loss 0.00028
epoch 46 step 1800 loss 0.00015
epoch 46 step 1850 loss 0.00022
epoch 46 step 1900 loss 0.00018
epoch 46 step 1950 loss 0.00021
epoch 46 step 2000 loss 0.00027
epoch 46 step 2050 loss 0.00016
epoch 46 step 2100 loss 0.00024
epoch 46 step 2150 loss 0.00025
epoch 46 step 2200 loss 0.00028
epoch 46 step 2250 loss 0.00015
epoch 46 step 2300 loss 0.00019
epoch 46 step 2350 loss 0.00014
epoch 46 step 2400 loss 0.00022
epoch 46 step 2450 loss 0.00034
epoch 46 step 2500 loss 0.00013
epoch 46 step 2550 loss 0.00022
epoch 46 step 2600 loss 0.00019
epoch 46 step 2650 loss 0.00021
epoch 46 step 2700 loss 0.00016
epoch 46 step 2750 loss 0.00025
epoch 46 step 2800 loss 0.00025
epoch 46 step 2850 loss 0.00017
epoch 46 step 2900 loss 0.00028
epoch 46 step 2950 loss 0.00024
epoch 46 step 3000 loss 0.00022
epoch 46 step 3050 loss 0.00019
epoch 46 step 3100 loss 0.00019
epoch 46 step 3150 loss 0.00028
epoch 46 step 3200 loss 0.00013
epoch 46 step 3250 loss 0.00015
epoch 46 step 3300 loss 0.00022
epoch 46 step 3350 loss 0.00023
epoch 46 step 3400 loss 0.00018
epoch 46 step 3450 loss 0.00019
epoch 46 step 3500 loss 0.00017
epoch 46 step 3550 loss 0.00017
epoch 46 step 3600 loss 0.00021
epoch 46 step 3650 loss 0.00031
epoch 46 step 3700 loss 0.00029
epoch 46 step 3750 loss 0.00029
epoch 46 step 3800 loss 0.00027
epoch 46 step 3850 loss 0.00012
epoch 46 step 3900 loss 0.00029
epoch 46 step 3950 loss 0.00019
epoch 46 step 4000 loss 0.00014
epoch 46 step 4050 loss 0.00018
epoch 46 step 4100 loss 0.00019
epoch 46 step 4150 loss 0.00029
epoch 46 step 4200 loss 0.00021
epoch 46 step 4250 loss 0.00015
epoch 46 step 4300 loss 0.00017
epoch 46 step 4350 loss 0.00015
epoch 46 step 4400 loss 0.00030
epoch 46 step 4450 loss 0.00021
epoch 46 step 4500 loss 0.00018
epoch 46 step 4550 loss 0.00026
epoch 46 step 4600 loss 0.00061
epoch 46 step 4650 loss 0.00035
epoch 46 step 4700 loss 0.00017
epoch 46 step 4750 loss 0.00019
epoch 46 step 4800 loss 0.00015
epoch 46 step 4850 loss 0.00021
epoch 46 step 4900 loss 0.00016
epoch 46 step 4950 loss 0.00021
epoch 46 step 5000 loss 0.00024
epoch 46 step 5050 loss 0.00023
epoch 46 step 5100 loss 0.00029
epoch 46 step 5150 loss 0.00025
epoch 46 step 5200 loss 0.00018
epoch 46 step 5250 loss 0.00022
epoch 46 step 5300 loss 0.00019
epoch 46 step 5350 loss 0.00013
epoch 46 step 5400 loss 0.00022
epoch 46 step 5450 loss 0.00027
epoch 46 step 5500 loss 0.00028
epoch 46 step 5550 loss 0.00021
epoch 46 step 5600 loss 0.00018
epoch 46 step 5650 loss 0.00022
epoch 46 step 5700 loss 0.00025
epoch 46 step 5750 loss 0.00018
epoch 46 step 5800 loss 0.00017
epoch 46 step 5850 loss 0.00026
epoch 46 step 5900 loss 0.00024
epoch 46 step 5950 loss 0.00025
epoch 46 step 6000 loss 0.00018
epoch 46 step 6050 loss 0.00019
epoch 46 step 6100 loss 0.00017
epoch 46 step 6150 loss 0.00025
epoch 46 step 6200 loss 0.00027
epoch 46 step 6250 loss 0.00028
epoch 46 step 6300 loss 0.00027
epoch 46 step 6350 loss 0.00020
epoch 46 step 6400 loss 0.00032
epoch 46 step 6450 loss 0.00026
epoch 46 step 6500 loss 0.00014
epoch 46 step 6550 loss 0.00014
epoch 46 step 6600 loss 0.00022
epoch 46 step 6650 loss 0.00030
epoch 46 step 6700 loss 0.00037
epoch 46 step 6750 loss 0.00024
epoch 46 step 6800 loss 0.00018
epoch 46 step 6850 loss 0.00013
epoch 46 step 6900 loss 0.00021
epoch 46 step 6950 loss 0.00035
epoch 46 step 7000 loss 0.00027
epoch 46 step 7050 loss 0.00027
epoch 46 step 7100 loss 0.00023
epoch 46 step 7150 loss 0.00017
epoch 46 step 7200 loss 0.00020
epoch 46 step 7250 loss 0.00028
epoch 46 step 7300 loss 0.00021
epoch 46 step 7350 loss 0.00015
epoch 46 step 7400 loss 0.00020
epoch 46 step 7450 loss 0.00024
epoch 46 step 7500 loss 0.00013
epoch 46 step 7550 loss 0.00019
epoch 46 step 7600 loss 0.00017
epoch 46 step 7650 loss 0.00025
epoch 46 step 7700 loss 0.00018
epoch 46 step 7750 loss 0.00018
epoch 46 step 7800 loss 0.00021
epoch 46 step 7850 loss 0.00022
epoch 46 step 7900 loss 0.00049
epoch 46 step 7950 loss 0.00020
{'epoch': 46, 'train_loss': 0.0002212997863351452}
{'epoch': 46, 'val_loss': 0.00019552995052991487, 'val_pck01': 0.9981602272124275}
epoch 47 step 0 loss 0.00023
epoch 47 step 50 loss 0.00016
epoch 47 step 100 loss 0.00028
epoch 47 step 150 loss 0.00028
epoch 47 step 200 loss 0.00023
epoch 47 step 250 loss 0.00021
epoch 47 step 300 loss 0.00028
epoch 47 step 350 loss 0.00015
epoch 47 step 400 loss 0.00023
epoch 47 step 450 loss 0.00027
epoch 47 step 500 loss 0.00019
epoch 47 step 550 loss 0.00017
epoch 47 step 600 loss 0.00018
epoch 47 step 650 loss 0.00018
epoch 47 step 700 loss 0.00016
epoch 47 step 750 loss 0.00021
epoch 47 step 800 loss 0.00019
epoch 47 step 850 loss 0.00025
epoch 47 step 900 loss 0.00024
epoch 47 step 950 loss 0.00025
epoch 47 step 1000 loss 0.00033
epoch 47 step 1050 loss 0.00020
epoch 47 step 1100 loss 0.00017
epoch 47 step 1150 loss 0.00016
epoch 47 step 1200 loss 0.00024
epoch 47 step 1250 loss 0.00033
epoch 47 step 1300 loss 0.00024
epoch 47 step 1350 loss 0.00020
epoch 47 step 1400 loss 0.00036
epoch 47 step 1450 loss 0.00036
epoch 47 step 1500 loss 0.00017
epoch 47 step 1550 loss 0.00018
epoch 47 step 1600 loss 0.00019
epoch 47 step 1650 loss 0.00012
epoch 47 step 1700 loss 0.00017
epoch 47 step 1750 loss 0.00024
epoch 47 step 1800 loss 0.00016
epoch 47 step 1850 loss 0.00028
epoch 47 step 1900 loss 0.00028
epoch 47 step 1950 loss 0.00023
epoch 47 step 2000 loss 0.00015
epoch 47 step 2050 loss 0.00025
epoch 47 step 2100 loss 0.00021
epoch 47 step 2150 loss 0.00020
epoch 47 step 2200 loss 0.00022
epoch 47 step 2250 loss 0.00018
epoch 47 step 2300 loss 0.00016
epoch 47 step 2350 loss 0.00014
epoch 47 step 2400 loss 0.00019
epoch 47 step 2450 loss 0.00020
epoch 47 step 2500 loss 0.00019
epoch 47 step 2550 loss 0.00017
epoch 47 step 2600 loss 0.00016
epoch 47 step 2650 loss 0.00017
epoch 47 step 2700 loss 0.00020
epoch 47 step 2750 loss 0.00017
epoch 47 step 2800 loss 0.00034
epoch 47 step 2850 loss 0.00019
epoch 47 step 2900 loss 0.00020
epoch 47 step 2950 loss 0.00014
epoch 47 step 3000 loss 0.00014
epoch 47 step 3050 loss 0.00029
epoch 47 step 3100 loss 0.00022
epoch 47 step 3150 loss 0.00021
epoch 47 step 3200 loss 0.00018
epoch 47 step 3250 loss 0.00029
epoch 47 step 3300 loss 0.00017
epoch 47 step 3350 loss 0.00016
epoch 47 step 3400 loss 0.00025
epoch 47 step 3450 loss 0.00016
epoch 47 step 3500 loss 0.00019
epoch 47 step 3550 loss 0.00023
epoch 47 step 3600 loss 0.00023
epoch 47 step 3650 loss 0.00024
epoch 47 step 3700 loss 0.00045
epoch 47 step 3750 loss 0.00019
epoch 47 step 3800 loss 0.00023
epoch 47 step 3850 loss 0.00019
epoch 47 step 3900 loss 0.00040
epoch 47 step 3950 loss 0.00024
epoch 47 step 4000 loss 0.00028
epoch 47 step 4050 loss 0.00017
epoch 47 step 4100 loss 0.00016
epoch 47 step 4150 loss 0.00035
epoch 47 step 4200 loss 0.00020
epoch 47 step 4250 loss 0.00020
epoch 47 step 4300 loss 0.00024
epoch 47 step 4350 loss 0.00026
epoch 47 step 4400 loss 0.00014
epoch 47 step 4450 loss 0.00023
epoch 47 step 4500 loss 0.00032
epoch 47 step 4550 loss 0.00029
epoch 47 step 4600 loss 0.00026
epoch 47 step 4650 loss 0.00024
epoch 47 step 4700 loss 0.00033
epoch 47 step 4750 loss 0.00026
epoch 47 step 4800 loss 0.00024
epoch 47 step 4850 loss 0.00024
epoch 47 step 4900 loss 0.00040
epoch 47 step 4950 loss 0.00016
epoch 47 step 5000 loss 0.00021
epoch 47 step 5050 loss 0.00024
epoch 47 step 5100 loss 0.00033
epoch 47 step 5150 loss 0.00019
epoch 47 step 5200 loss 0.00027
epoch 47 step 5250 loss 0.00029
epoch 47 step 5300 loss 0.00018
epoch 47 step 5350 loss 0.00020
epoch 47 step 5400 loss 0.00027
epoch 47 step 5450 loss 0.00022
epoch 47 step 5500 loss 0.00035
epoch 47 step 5550 loss 0.00023
epoch 47 step 5600 loss 0.00013
epoch 47 step 5650 loss 0.00014
epoch 47 step 5700 loss 0.00015
epoch 47 step 5750 loss 0.00018
epoch 47 step 5800 loss 0.00020
epoch 47 step 5850 loss 0.00026
epoch 47 step 5900 loss 0.00030
epoch 47 step 5950 loss 0.00029
epoch 47 step 6000 loss 0.00017
epoch 47 step 6050 loss 0.00027
epoch 47 step 6100 loss 0.00019
epoch 47 step 6150 loss 0.00015
epoch 47 step 6200 loss 0.00017
epoch 47 step 6250 loss 0.00014
epoch 47 step 6300 loss 0.00023
epoch 47 step 6350 loss 0.00026
epoch 47 step 6400 loss 0.00017
epoch 47 step 6450 loss 0.00026
epoch 47 step 6500 loss 0.00016
epoch 47 step 6550 loss 0.00025
epoch 47 step 6600 loss 0.00029
epoch 47 step 6650 loss 0.00018
epoch 47 step 6700 loss 0.00022
epoch 47 step 6750 loss 0.00016
epoch 47 step 6800 loss 0.00035
epoch 47 step 6850 loss 0.00023
epoch 47 step 6900 loss 0.00022
epoch 47 step 6950 loss 0.00038
epoch 47 step 7000 loss 0.00015
epoch 47 step 7050 loss 0.00030
epoch 47 step 7100 loss 0.00028
epoch 47 step 7150 loss 0.00035
epoch 47 step 7200 loss 0.00025
epoch 47 step 7250 loss 0.00015
epoch 47 step 7300 loss 0.00021
epoch 47 step 7350 loss 0.00026
epoch 47 step 7400 loss 0.00013
epoch 47 step 7450 loss 0.00021
epoch 47 step 7500 loss 0.00020
epoch 47 step 7550 loss 0.00031
epoch 47 step 7600 loss 0.00023
epoch 47 step 7650 loss 0.00033
epoch 47 step 7700 loss 0.00023
epoch 47 step 7750 loss 0.00019
epoch 47 step 7800 loss 0.00025
epoch 47 step 7850 loss 0.00020
epoch 47 step 7900 loss 0.00030
epoch 47 step 7950 loss 0.00033
{'epoch': 47, 'train_loss': 0.00022201768357358462}
epoch 48 step 0 loss 0.00023
epoch 48 step 50 loss 0.00020
epoch 48 step 100 loss 0.00019
epoch 48 step 150 loss 0.00034
epoch 48 step 200 loss 0.00024
epoch 48 step 250 loss 0.00028
epoch 48 step 300 loss 0.00026
epoch 48 step 350 loss 0.00020
epoch 48 step 400 loss 0.00038
epoch 48 step 450 loss 0.00023
epoch 48 step 500 loss 0.00026
epoch 48 step 550 loss 0.00020
epoch 48 step 600 loss 0.00028
epoch 48 step 650 loss 0.00019
epoch 48 step 700 loss 0.00015
epoch 48 step 750 loss 0.00017
epoch 48 step 800 loss 0.00013
epoch 48 step 850 loss 0.00026
epoch 48 step 900 loss 0.00030
epoch 48 step 950 loss 0.00017
epoch 48 step 1000 loss 0.00016
epoch 48 step 1050 loss 0.00036
epoch 48 step 1100 loss 0.00021
epoch 48 step 1150 loss 0.00021
epoch 48 step 1200 loss 0.00023
epoch 48 step 1250 loss 0.00027
epoch 48 step 1300 loss 0.00019
epoch 48 step 1350 loss 0.00026
epoch 48 step 1400 loss 0.00017
epoch 48 step 1450 loss 0.00016
epoch 48 step 1500 loss 0.00023
epoch 48 step 1550 loss 0.00024
epoch 48 step 1600 loss 0.00024
epoch 48 step 1650 loss 0.00020
epoch 48 step 1700 loss 0.00030
epoch 48 step 1750 loss 0.00019
epoch 48 step 1800 loss 0.00018
epoch 48 step 1850 loss 0.00021
epoch 48 step 1900 loss 0.00031
epoch 48 step 1950 loss 0.00023
epoch 48 step 2000 loss 0.00019
epoch 48 step 2050 loss 0.00016
epoch 48 step 2100 loss 0.00018
epoch 48 step 2150 loss 0.00025
epoch 48 step 2200 loss 0.00023
epoch 48 step 2250 loss 0.00021
epoch 48 step 2300 loss 0.00018
epoch 48 step 2350 loss 0.00018
epoch 48 step 2400 loss 0.00016
epoch 48 step 2450 loss 0.00017
epoch 48 step 2500 loss 0.00023
epoch 48 step 2550 loss 0.00021
epoch 48 step 2600 loss 0.00018
epoch 48 step 2650 loss 0.00030
epoch 48 step 2700 loss 0.00018
epoch 48 step 2750 loss 0.00018
epoch 48 step 2800 loss 0.00021
epoch 48 step 2850 loss 0.00016
epoch 48 step 2900 loss 0.00014
epoch 48 step 2950 loss 0.00020
epoch 48 step 3000 loss 0.00025
epoch 48 step 3050 loss 0.00019
epoch 48 step 3100 loss 0.00023
epoch 48 step 3150 loss 0.00023
epoch 48 step 3200 loss 0.00022
epoch 48 step 3250 loss 0.00017
epoch 48 step 3300 loss 0.00021
epoch 48 step 3350 loss 0.00023
epoch 48 step 3400 loss 0.00064
epoch 48 step 3450 loss 0.00028
epoch 48 step 3500 loss 0.00028
epoch 48 step 3550 loss 0.00025
epoch 48 step 3600 loss 0.00014
epoch 48 step 3650 loss 0.00018
epoch 48 step 3700 loss 0.00016
epoch 48 step 3750 loss 0.00017
epoch 48 step 3800 loss 0.00015
epoch 48 step 3850 loss 0.00023
epoch 48 step 3900 loss 0.00019
epoch 48 step 3950 loss 0.00024
epoch 48 step 4000 loss 0.00017
epoch 48 step 4050 loss 0.00045
epoch 48 step 4100 loss 0.00015
epoch 48 step 4150 loss 0.00026
epoch 48 step 4200 loss 0.00055
epoch 48 step 4250 loss 0.00017
epoch 48 step 4300 loss 0.00034
epoch 48 step 4350 loss 0.00015
epoch 48 step 4400 loss 0.00015
epoch 48 step 4450 loss 0.00018
epoch 48 step 4500 loss 0.00014
epoch 48 step 4550 loss 0.00021
epoch 48 step 4600 loss 0.00039
epoch 48 step 4650 loss 0.00018
epoch 48 step 4700 loss 0.00015
epoch 48 step 4750 loss 0.00026
epoch 48 step 4800 loss 0.00015
epoch 48 step 4850 loss 0.00018
epoch 48 step 4900 loss 0.00023
epoch 48 step 4950 loss 0.00018
epoch 48 step 5000 loss 0.00018
epoch 48 step 5050 loss 0.00028
epoch 48 step 5100 loss 0.00032
epoch 48 step 5150 loss 0.00022
epoch 48 step 5200 loss 0.00020
epoch 48 step 5250 loss 0.00017
epoch 48 step 5300 loss 0.00023
epoch 48 step 5350 loss 0.00015
epoch 48 step 5400 loss 0.00016
epoch 48 step 5450 loss 0.00027
epoch 48 step 5500 loss 0.00020
epoch 48 step 5550 loss 0.00020
epoch 48 step 5600 loss 0.00020
epoch 48 step 5650 loss 0.00018
epoch 48 step 5700 loss 0.00031
epoch 48 step 5750 loss 0.00031
epoch 48 step 5800 loss 0.00017
epoch 48 step 5850 loss 0.00017
epoch 48 step 5900 loss 0.00015
epoch 48 step 5950 loss 0.00016
epoch 48 step 6000 loss 0.00016
epoch 48 step 6050 loss 0.00022
epoch 48 step 6100 loss 0.00016
epoch 48 step 6150 loss 0.00031
epoch 48 step 6200 loss 0.00025
epoch 48 step 6250 loss 0.00019
epoch 48 step 6300 loss 0.00031
epoch 48 step 6350 loss 0.00018
epoch 48 step 6400 loss 0.00018
epoch 48 step 6450 loss 0.00032
epoch 48 step 6500 loss 0.00022
epoch 48 step 6550 loss 0.00032
epoch 48 step 6600 loss 0.00032
epoch 48 step 6650 loss 0.00015
epoch 48 step 6700 loss 0.00035
epoch 48 step 6750 loss 0.00021
epoch 48 step 6800 loss 0.00026
epoch 48 step 6850 loss 0.00025
epoch 48 step 6900 loss 0.00018
epoch 48 step 6950 loss 0.00018
epoch 48 step 7000 loss 0.00024
epoch 48 step 7050 loss 0.00027
epoch 48 step 7100 loss 0.00027
epoch 48 step 7150 loss 0.00018
epoch 48 step 7200 loss 0.00016
epoch 48 step 7250 loss 0.00017
epoch 48 step 7300 loss 0.00030
epoch 48 step 7350 loss 0.00016
epoch 48 step 7400 loss 0.00030
epoch 48 step 7450 loss 0.00016
epoch 48 step 7500 loss 0.00027
epoch 48 step 7550 loss 0.00019
epoch 48 step 7600 loss 0.00022
epoch 48 step 7650 loss 0.00021
epoch 48 step 7700 loss 0.00026
epoch 48 step 7750 loss 0.00013
epoch 48 step 7800 loss 0.00018
epoch 48 step 7850 loss 0.00029
epoch 48 step 7900 loss 0.00021
epoch 48 step 7950 loss 0.00027
{'epoch': 48, 'train_loss': 0.00022192902428770598}
{'epoch': 48, 'val_loss': 0.00019531566675994692, 'val_pck01': 0.9981960173777272}
epoch 49 step 0 loss 0.00019
epoch 49 step 50 loss 0.00022
epoch 49 step 100 loss 0.00018
epoch 49 step 150 loss 0.00019
epoch 49 step 200 loss 0.00028
epoch 49 step 250 loss 0.00025
epoch 49 step 300 loss 0.00016
epoch 49 step 350 loss 0.00041
epoch 49 step 400 loss 0.00029
epoch 49 step 450 loss 0.00016
epoch 49 step 500 loss 0.00024
epoch 49 step 550 loss 0.00024
epoch 49 step 600 loss 0.00018
epoch 49 step 650 loss 0.00028
epoch 49 step 700 loss 0.00015
epoch 49 step 750 loss 0.00031
epoch 49 step 800 loss 0.00023
epoch 49 step 850 loss 0.00024
epoch 49 step 900 loss 0.00028
epoch 49 step 950 loss 0.00023
epoch 49 step 1000 loss 0.00019
epoch 49 step 1050 loss 0.00025
epoch 49 step 1100 loss 0.00026
epoch 49 step 1150 loss 0.00022
epoch 49 step 1200 loss 0.00020
epoch 49 step 1250 loss 0.00021
epoch 49 step 1300 loss 0.00016
epoch 49 step 1350 loss 0.00018
epoch 49 step 1400 loss 0.00025
epoch 49 step 1450 loss 0.00034
epoch 49 step 1500 loss 0.00024
epoch 49 step 1550 loss 0.00027
epoch 49 step 1600 loss 0.00017
epoch 49 step 1650 loss 0.00021
epoch 49 step 1700 loss 0.00022
epoch 49 step 1750 loss 0.00020
epoch 49 step 1800 loss 0.00019
epoch 49 step 1850 loss 0.00020
epoch 49 step 1900 loss 0.00025
epoch 49 step 1950 loss 0.00021
epoch 49 step 2000 loss 0.00019
epoch 49 step 2050 loss 0.00014
epoch 49 step 2100 loss 0.00027
epoch 49 step 2150 loss 0.00018
epoch 49 step 2200 loss 0.00016
epoch 49 step 2250 loss 0.00021
epoch 49 step 2300 loss 0.00022
epoch 49 step 2350 loss 0.00023
epoch 49 step 2400 loss 0.00021
epoch 49 step 2450 loss 0.00026
epoch 49 step 2500 loss 0.00018
epoch 49 step 2550 loss 0.00034
epoch 49 step 2600 loss 0.00025
epoch 49 step 2650 loss 0.00020
epoch 49 step 2700 loss 0.00032
epoch 49 step 2750 loss 0.00017
epoch 49 step 2800 loss 0.00026
epoch 49 step 2850 loss 0.00018
epoch 49 step 2900 loss 0.00039
epoch 49 step 2950 loss 0.00018
epoch 49 step 3000 loss 0.00034
epoch 49 step 3050 loss 0.00028
epoch 49 step 3100 loss 0.00021
epoch 49 step 3150 loss 0.00025
epoch 49 step 3200 loss 0.00016
epoch 49 step 3250 loss 0.00024
epoch 49 step 3300 loss 0.00024
epoch 49 step 3350 loss 0.00021
epoch 49 step 3400 loss 0.00038
epoch 49 step 3450 loss 0.00017
epoch 49 step 3500 loss 0.00029
epoch 49 step 3550 loss 0.00031
epoch 49 step 3600 loss 0.00018
epoch 49 step 3650 loss 0.00021
epoch 49 step 3700 loss 0.00020
epoch 49 step 3750 loss 0.00013
epoch 49 step 3800 loss 0.00021
epoch 49 step 3850 loss 0.00018
epoch 49 step 3900 loss 0.00027
epoch 49 step 3950 loss 0.00026
epoch 49 step 4000 loss 0.00018
epoch 49 step 4050 loss 0.00020
epoch 49 step 4100 loss 0.00014
epoch 49 step 4150 loss 0.00020
epoch 49 step 4200 loss 0.00017
epoch 49 step 4250 loss 0.00021
epoch 49 step 4300 loss 0.00025
epoch 49 step 4350 loss 0.00022
epoch 49 step 4400 loss 0.00022
epoch 49 step 4450 loss 0.00026
epoch 49 step 4500 loss 0.00028
epoch 49 step 4550 loss 0.00020
epoch 49 step 4600 loss 0.00015
epoch 49 step 4650 loss 0.00018
epoch 49 step 4700 loss 0.00038
epoch 49 step 4750 loss 0.00016
epoch 49 step 4800 loss 0.00031
epoch 49 step 4850 loss 0.00028
epoch 49 step 4900 loss 0.00018
epoch 49 step 4950 loss 0.00017
epoch 49 step 5000 loss 0.00023
epoch 49 step 5050 loss 0.00021
epoch 49 step 5100 loss 0.00020
epoch 49 step 5150 loss 0.00019
epoch 49 step 5200 loss 0.00026
epoch 49 step 5250 loss 0.00022
epoch 49 step 5300 loss 0.00018
epoch 49 step 5350 loss 0.00016
epoch 49 step 5400 loss 0.00020
epoch 49 step 5450 loss 0.00017
epoch 49 step 5500 loss 0.00023
epoch 49 step 5550 loss 0.00017
epoch 49 step 5600 loss 0.00023
epoch 49 step 5650 loss 0.00016
epoch 49 step 5700 loss 0.00018
epoch 49 step 5750 loss 0.00017
epoch 49 step 5800 loss 0.00036
epoch 49 step 5850 loss 0.00015
epoch 49 step 5900 loss 0.00015
epoch 49 step 5950 loss 0.00021
epoch 49 step 6000 loss 0.00020
epoch 49 step 6050 loss 0.00044
epoch 49 step 6100 loss 0.00026
epoch 49 step 6150 loss 0.00025
epoch 49 step 6200 loss 0.00017
epoch 49 step 6250 loss 0.00025
epoch 49 step 6300 loss 0.00026
epoch 49 step 6350 loss 0.00029
epoch 49 step 6400 loss 0.00020
epoch 49 step 6450 loss 0.00017
epoch 49 step 6500 loss 0.00015
epoch 49 step 6550 loss 0.00018
epoch 49 step 6600 loss 0.00019
epoch 49 step 6650 loss 0.00032
epoch 49 step 6700 loss 0.00022
epoch 49 step 6750 loss 0.00022
epoch 49 step 6800 loss 0.00019
epoch 49 step 6850 loss 0.00023
epoch 49 step 6900 loss 0.00017
epoch 49 step 6950 loss 0.00020
epoch 49 step 7000 loss 0.00019
epoch 49 step 7050 loss 0.00019
epoch 49 step 7100 loss 0.00023
epoch 49 step 7150 loss 0.00018
epoch 49 step 7200 loss 0.00023
epoch 49 step 7250 loss 0.00019
epoch 49 step 7300 loss 0.00018
epoch 49 step 7350 loss 0.00027
epoch 49 step 7400 loss 0.00021
epoch 49 step 7450 loss 0.00034
epoch 49 step 7500 loss 0.00023
epoch 49 step 7550 loss 0.00022
epoch 49 step 7600 loss 0.00019
epoch 49 step 7650 loss 0.00023
epoch 49 step 7700 loss 0.00023
epoch 49 step 7750 loss 0.00022
epoch 49 step 7800 loss 0.00019
epoch 49 step 7850 loss 0.00024
epoch 49 step 7900 loss 0.00023
epoch 49 step 7950 loss 0.00022
{'epoch': 49, 'train_loss': 0.0002224679220873861}
epoch 50 step 0 loss 0.00020
epoch 50 step 50 loss 0.00035
epoch 50 step 100 loss 0.00019
epoch 50 step 150 loss 0.00022
epoch 50 step 200 loss 0.00027
epoch 50 step 250 loss 0.00019
epoch 50 step 300 loss 0.00019
epoch 50 step 350 loss 0.00014
epoch 50 step 400 loss 0.00018
epoch 50 step 450 loss 0.00028
epoch 50 step 500 loss 0.00022
epoch 50 step 550 loss 0.00016
epoch 50 step 600 loss 0.00025
epoch 50 step 650 loss 0.00018
epoch 50 step 700 loss 0.00025
epoch 50 step 750 loss 0.00033
epoch 50 step 800 loss 0.00020
epoch 50 step 850 loss 0.00022
epoch 50 step 900 loss 0.00023
epoch 50 step 950 loss 0.00029
epoch 50 step 1000 loss 0.00020
epoch 50 step 1050 loss 0.00018
epoch 50 step 1100 loss 0.00023
epoch 50 step 1150 loss 0.00039
epoch 50 step 1200 loss 0.00033
epoch 50 step 1250 loss 0.00028
epoch 50 step 1300 loss 0.00025
epoch 50 step 1350 loss 0.00020
epoch 50 step 1400 loss 0.00022
epoch 50 step 1450 loss 0.00018
epoch 50 step 1500 loss 0.00021
epoch 50 step 1550 loss 0.00025
epoch 50 step 1600 loss 0.00026
epoch 50 step 1650 loss 0.00021
epoch 50 step 1700 loss 0.00016
epoch 50 step 1750 loss 0.00027
epoch 50 step 1800 loss 0.00022
epoch 50 step 1850 loss 0.00021
epoch 50 step 1900 loss 0.00021
epoch 50 step 1950 loss 0.00024
epoch 50 step 2000 loss 0.00017
epoch 50 step 2050 loss 0.00018
epoch 50 step 2100 loss 0.00025
epoch 50 step 2150 loss 0.00027
epoch 50 step 2200 loss 0.00014
epoch 50 step 2250 loss 0.00013
epoch 50 step 2300 loss 0.00019
epoch 50 step 2350 loss 0.00019
epoch 50 step 2400 loss 0.00015
epoch 50 step 2450 loss 0.00022
epoch 50 step 2500 loss 0.00031
epoch 50 step 2550 loss 0.00022
epoch 50 step 2600 loss 0.00041
epoch 50 step 2650 loss 0.00017
epoch 50 step 2700 loss 0.00015
epoch 50 step 2750 loss 0.00035
epoch 50 step 2800 loss 0.00016
epoch 50 step 2850 loss 0.00036
epoch 50 step 2900 loss 0.00024
epoch 50 step 2950 loss 0.00019
epoch 50 step 3000 loss 0.00029
epoch 50 step 3050 loss 0.00016
epoch 50 step 3100 loss 0.00023
epoch 50 step 3150 loss 0.00033
epoch 50 step 3200 loss 0.00018
epoch 50 step 3250 loss 0.00022
epoch 50 step 3300 loss 0.00031
epoch 50 step 3350 loss 0.00038
epoch 50 step 3400 loss 0.00029
epoch 50 step 3450 loss 0.00019
epoch 50 step 3500 loss 0.00026
epoch 50 step 3550 loss 0.00019
epoch 50 step 3600 loss 0.00020
epoch 50 step 3650 loss 0.00039
epoch 50 step 3700 loss 0.00034
epoch 50 step 3750 loss 0.00022
epoch 50 step 3800 loss 0.00019
epoch 50 step 3850 loss 0.00015
epoch 50 step 3900 loss 0.00024
epoch 50 step 3950 loss 0.00027
epoch 50 step 4000 loss 0.00040
epoch 50 step 4050 loss 0.00034
epoch 50 step 4100 loss 0.00036
epoch 50 step 4150 loss 0.00021
epoch 50 step 4200 loss 0.00017
epoch 50 step 4250 loss 0.00015
epoch 50 step 4300 loss 0.00022
epoch 50 step 4350 loss 0.00021
epoch 50 step 4400 loss 0.00019
epoch 50 step 4450 loss 0.00016
epoch 50 step 4500 loss 0.00028
epoch 50 step 4550 loss 0.00016
epoch 50 step 4600 loss 0.00023
epoch 50 step 4650 loss 0.00023
epoch 50 step 4700 loss 0.00017
epoch 50 step 4750 loss 0.00018
epoch 50 step 4800 loss 0.00016
epoch 50 step 4850 loss 0.00015
epoch 50 step 4900 loss 0.00020
epoch 50 step 4950 loss 0.00021
epoch 50 step 5000 loss 0.00019
epoch 50 step 5050 loss 0.00025
epoch 50 step 5100 loss 0.00017
epoch 50 step 5150 loss 0.00016
epoch 50 step 5200 loss 0.00018
epoch 50 step 5250 loss 0.00028
epoch 50 step 5300 loss 0.00015
epoch 50 step 5350 loss 0.00013
epoch 50 step 5400 loss 0.00022
epoch 50 step 5450 loss 0.00017
epoch 50 step 5500 loss 0.00017
epoch 50 step 5550 loss 0.00023
epoch 50 step 5600 loss 0.00017
epoch 50 step 5650 loss 0.00016
epoch 50 step 5700 loss 0.00025
epoch 50 step 5750 loss 0.00019
epoch 50 step 5800 loss 0.00029
epoch 50 step 5850 loss 0.00016
epoch 50 step 5900 loss 0.00024
epoch 50 step 5950 loss 0.00017
epoch 50 step 6000 loss 0.00019
epoch 50 step 6050 loss 0.00026
epoch 50 step 6100 loss 0.00021
epoch 50 step 6150 loss 0.00019
epoch 50 step 6200 loss 0.00017
epoch 50 step 6250 loss 0.00018
epoch 50 step 6300 loss 0.00018
epoch 50 step 6350 loss 0.00017
epoch 50 step 6400 loss 0.00025
epoch 50 step 6450 loss 0.00013
epoch 50 step 6500 loss 0.00024
epoch 50 step 6550 loss 0.00022
epoch 50 step 6600 loss 0.00015
epoch 50 step 6650 loss 0.00017
epoch 50 step 6700 loss 0.00019
epoch 50 step 6750 loss 0.00019
epoch 50 step 6800 loss 0.00022
epoch 50 step 6850 loss 0.00028
epoch 50 step 6900 loss 0.00030
epoch 50 step 6950 loss 0.00020
epoch 50 step 7000 loss 0.00018
epoch 50 step 7050 loss 0.00023
epoch 50 step 7100 loss 0.00024
epoch 50 step 7150 loss 0.00024
epoch 50 step 7200 loss 0.00021
epoch 50 step 7250 loss 0.00028
epoch 50 step 7300 loss 0.00022
epoch 50 step 7350 loss 0.00022
epoch 50 step 7400 loss 0.00026
epoch 50 step 7450 loss 0.00015
epoch 50 step 7500 loss 0.00024
epoch 50 step 7550 loss 0.00017
epoch 50 step 7600 loss 0.00029
epoch 50 step 7650 loss 0.00013
epoch 50 step 7700 loss 0.00018
epoch 50 step 7750 loss 0.00024
epoch 50 step 7800 loss 0.00017
epoch 50 step 7850 loss 0.00025
epoch 50 step 7900 loss 0.00026
epoch 50 step 7950 loss 0.00018
{'epoch': 50, 'train_loss': 0.0002218398737506924}
{'epoch': 50, 'val_loss': 0.0001954681854597433, 'val_pck01': 0.9981855779526687}
done. weights -> data/processed/train_hrnet_w32
